i,true_cluster_id,true_Jr,true_Jz,true_Jphi,true_energy,true_DM,true_ell_radian,true_bee_radian,true_HRV,true_pml,true_pmb,true_dist_kpc,true_parallax
0,0,614.3382433044661,259.8167896933606,477.39946076913475,-159967.4892356619,13.019760131835938,2.5777342319488525,-0.8146262168884277,-186.32044982910156,12.293790817260742,-4.456479072570801,4.017463207244873,0.24891328811645508
1,1,704.0416365575331,475.10535552003665,-189.66734766753868,-157464.88832866962,13.398585319519043,3.6949455738067627,-0.8546828627586365,102.46292114257812,6.782604694366455,8.611268043518066,4.783184051513672,0.2090657651424408
2,1,737.2768686019613,575.1383778998857,-97.76858351267586,-155536.20629743056,12.273862838745117,2.3197593688964844,-0.8298602104187012,-271.6563720703125,6.959848880767822,-7.73206901550293,2.849525213241577,0.3509356677532196
3,2,486.98389415101974,170.34338858150613,-544.7680097650517,-167198.44699899878,13.016600608825684,0.8793155550956726,0.8690323233604431,-49.90198516845703,0.48830774426460266,9.97735595703125,4.011623382568359,0.24927563965320587
4,2,492.27841505575014,152.97693403919286,-514.486740851411,-168606.2573044538,13.338069915771484,1.6009687185287476,-0.8882524371147156,-128.36563110351562,-3.05181622505188,-7.968557357788086,4.651724338531494,0.214974045753479
5,2,504.76625115997314,154.71867429776657,-535.6482446361579,-167283.94435803237,12.771306037902832,3.6979644298553467,1.24244225025177,32.985511779785156,7.157205104827881,-9.965317726135254,3.5831189155578613,0.27908647060394287
6,3,376.67088918578736,45.690702654777525,847.8922481131231,-169213.54732689218,13.359796524047852,1.390919804573059,-0.3643839955329895,-277.20330810546875,3.848724842071533,-6.0934906005859375,4.6985015869140625,0.21283380687236786
7,3,371.36479687379943,46.465688255588674,845.875340042374,-169494.96890187057,11.484956741333008,5.847045421600342,0.7234358191490173,184.5792694091797,-27.402236938476562,-24.431467056274414,1.9814876317977905,0.5046713352203369
8,3,329.6416219586493,64.07047002883678,949.5816163970867,-167195.92622707758,12.228195190429688,5.774654865264893,-0.5219161510467529,262.8844909667969,-17.558603286743164,16.44635772705078,2.790224313735962,0.3583941161632538
9,3,367.29170239104945,46.66079403941672,850.7373081775438,-169517.80170647346,12.74298095703125,5.503605365753174,-0.376528263092041,321.43115234375,-4.809451103210449,9.785359382629395,3.5366830825805664,0.28275081515312195
10,4,40.83476670132775,237.9664075323664,1632.0501967397329,-153134.70069990057,12.833354949951172,1.9436875581741333,1.0018938779830933,-242.88540649414062,13.897936820983887,14.724234580993652,3.686980962753296,0.27122461795806885
11,4,45.17511361786822,229.90185570347646,1636.1241928790403,-153129.8967507585,12.557506561279297,2.0563600063323975,-0.7688307166099548,-173.6263427734375,15.895984649658203,-19.936777114868164,3.2471423149108887,0.307963103055954
12,4,40.21143994540437,241.4017115360031,1671.7664213017322,-152023.5037834363,12.591020584106445,5.299007415771484,0.5034035444259644,438.3686218261719,-11.318679809570312,-7.143894672393799,3.29764723777771,0.30324649810791016
13,4,46.58981461283734,227.00937515988616,1633.5104332433245,-153192.25733660604,13.154448509216309,3.108386754989624,-1.3232955932617188,35.074058532714844,20.942232131958008,-0.8608799576759338,4.274542808532715,0.2339431494474411
14,4,38.75785368451541,235.10125961522712,1686.0957304630738,-151905.6076020913,11.985443115234375,1.3184255361557007,0.4573027491569519,-361.5443115234375,-9.358134269714355,25.322683334350586,2.495103359222412,0.40078499913215637
15,5,635.2899170603672,150.9465189454322,-315.1815642884885,-167366.8329481016,13.060518264770508,4.293310165405273,1.136970043182373,56.445472717285156,7.105887413024902,-7.523007869720459,4.093584060668945,0.2442847043275833
16,5,634.1057675847663,164.69298400898273,-335.5365114288534,-166109.27549074363,13.383526802062988,1.9961522817611694,-1.2110167741775513,-105.88822174072266,1.6545003652572632,-8.97260570526123,4.750128269195557,0.21052062511444092
17,5,645.764115825213,111.03793868971111,-346.44101144978777,-167900.87051601073,12.715705871582031,2.2662994861602783,0.7727541327476501,-114.46017456054688,7.213122844696045,9.020191192626953,3.4925379753112793,0.28632473945617676
18,5,599.7019671806696,131.45450519255894,-463.49155008305615,-165699.305390802,12.473155975341797,6.1686110496521,1.3621138334274292,-39.1053466796875,-11.336384773254395,-11.195923805236816,3.123426675796509,0.32016119360923767
19,5,635.4563944684401,94.04049521751334,-470.9299699359799,-165364.6126637441,10.471177101135254,0.08522206544876099,-1.3130366802215576,-85.2948989868164,-28.88912582397461,-31.834362030029297,1.2423255443572998,0.8049420118331909
20,5,620.5253806808495,132.88871126325702,-412.55753346992026,-166062.7536546557,12.976865768432617,3.274120330810547,1.1826549768447876,26.41408920288086,10.436325073242188,-4.933295249938965,3.9388835430145264,0.25387904047966003
21,6,74.33599328860333,1449.5623643880717,-922.6557110395678,-139108.43709930446,13.20779800415039,1.4470412731170654,0.39685091376304626,-220.40869140625,-0.5709773302078247,-9.100628852844238,4.380862236022949,0.22826556861400604
22,6,83.41396791836382,1403.928949070206,-954.1566031678813,-139142.63375637736,13.031150817871094,1.5078176259994507,-0.6657307744026184,38.096710205078125,-3.605833053588867,-15.359047889709473,4.0385942459106445,0.2476109117269516
23,6,118.11307922739772,1410.8069540606748,-1075.6090376707052,-135853.38394337514,13.31007194519043,1.5083706378936768,0.561005711555481,-207.66213989257812,2.0257530212402344,-6.92061710357666,4.592133522033691,0.21776370704174042
24,6,98.83879068449161,1359.1654577464171,-980.5674639731959,-139096.67607822802,11.919675827026367,1.898206353187561,-1.3206475973129272,217.28103637695312,1.65891432762146,-16.852108001708984,2.420667886734009,0.4131091237068176
25,6,72.6161021514478,1426.8723521813827,-946.1790689042754,-139147.0271152607,13.21871280670166,1.4741859436035156,-0.39293959736824036,-45.37681579589844,-3.6923646926879883,-14.382044792175293,4.402937889099121,0.22712108492851257
26,6,69.7819430028508,1415.4543102971388,-966.6232317126916,-139049.06532142806,12.564411163330078,1.8515819311141968,1.0676486492156982,-273.1977844238281,4.284415245056152,-1.0232890844345093,3.25748348236084,0.30698543787002563
27,6,69.92479787232142,1405.4582622907699,-978.3533608897221,-139009.95069257068,13.150280952453613,2.6418609619140625,1.4636942148208618,-229.92599487304688,7.173901557922363,-0.7415836453437805,4.266346454620361,0.23439259827136993
28,7,645.0738698754694,554.175644585514,552.1786230125546,-148131.57635817587,13.126921653747559,1.559475064277649,-0.5545084476470947,-393.39276123046875,-5.3764119148254395,-2.8496062755584717,4.220698356628418,0.23692761361598969
29,7,612.4703990815353,543.8684528166458,651.1453257099676,-147598.6589216729,12.538737297058105,4.973813056945801,1.249017596244812,32.25653076171875,-20.323360443115234,-19.036075592041016,3.21919584274292,0.31063657999038696
30,7,538.8017341872602,605.7415220063823,633.2007937003799,-149061.21592324512,13.408380508422852,2.727734088897705,0.7321673035621643,-127.968017578125,10.816567420959473,8.838342666625977,4.8048095703125,0.2081247866153717
31,7,652.9152310469689,473.2681187255617,573.2446409384996,-149762.05797528225,13.03034782409668,2.9305920600891113,-1.3357897996902466,-180.36441040039062,14.81216812133789,-6.899476528167725,4.037100791931152,0.24770250916481018
32,7,536.6606614801153,610.9095075508367,569.5432848300113,-150264.60641573207,12.784271240234375,5.2306060791015625,-0.5008859038352966,173.68719482421875,-21.595361709594727,13.102083206176758,3.604576349258423,0.2774251103401184
33,7,630.6749533130411,535.6328035035903,533.6937659834765,-149857.0280533581,13.472206115722656,0.29219940304756165,-0.7435624599456787,86.83760833740234,-19.88686180114746,2.6296072006225586,4.948132514953613,0.20209644734859467
34,7,650.6895378916292,517.2404208545603,525.9052064602334,-149790.62020921506,12.865747451782227,2.7574214935302734,1.5132875442504883,-188.73851013183594,13.831250190734863,12.012066841125488,3.7423934936523438,0.26720866560935974
35,7,618.3493434979913,488.2672322172706,613.2896497925685,-149229.48690729387,10.984031677246094,0.2443869262933731,-0.7764975428581238,-314.60968017578125,-34.14228439331055,-18.426197052001953,1.5732815265655518,0.6356141567230225
36,8,904.2636907678988,60.60430607926472,-175.4349774867396,-162144.67969680854,12.432347297668457,6.241061210632324,0.3504176437854767,214.04440307617188,-13.565154075622559,-12.798162460327148,3.0652754306793213,0.32623496651649475
37,8,996.5628969403766,43.010665842971086,-31.858739088104354,-162432.75286735236,12.986159324645996,2.976250410079956,0.5778016448020935,10.126483917236328,13.22900390625,-0.4920993745326996,3.955777645111084,0.2527948021888733
38,8,901.1842351015919,100.84796338983705,-90.29240265702902,-162464.3909424332,13.351119995117188,2.557403802871704,0.8609298467636108,-40.2324104309082,10.037619590759277,3.4720728397369385,4.6797637939453125,0.213686004281044
39,8,911.3083017989904,62.01062892472478,-143.89166063695617,-162576.32688504466,13.293172836303711,3.77213716506958,0.6306561231613159,95.84806060791016,8.994192123413086,-3.5506362915039062,4.556534767150879,0.21946501731872559
40,8,926.6399215409608,103.08116287931446,-34.898097739729565,-162619.18929374905,13.384994506835938,1.946658730506897,0.8082224726676941,-227.4938507080078,0.987838625907898,7.940371990203857,4.753339767456055,0.21037839353084564
41,8,872.1678394967528,135.45883246781202,-80.0130798888677,-162697.6424193344,13.29102897644043,5.203530311584473,0.6093058586120605,107.33610534667969,2.4263741970062256,-9.45740795135498,4.552036762237549,0.21968188881874084
42,8,953.1889047373454,52.41826535372323,-83.79079061543231,-162556.56416847752,13.293871879577637,3.909071207046509,0.551358699798584,109.1843032836914,8.714313507080078,-3.6157102584838867,4.558000564575195,0.21939444541931152
43,8,926.5275027721609,109.05968338760651,-63.39060620847341,-161668.45296398478,12.7021484375,1.9259899854660034,1.0651775598526,-24.066268920898438,12.948881149291992,9.673245429992676,3.4708001613616943,0.28811800479888916
44,8,942.5261733362496,86.1840479844445,-60.92555463639109,-162004.83327709362,12.41448974609375,3.8612213134765625,1.1393585205078125,-26.87425994873047,17.676647186279297,-5.081050872802734,3.040170907974243,0.3289288878440857
45,9,333.46930904432423,1143.023975762281,549.1831322211616,-145346.91812044807,13.4317626953125,4.915149688720703,1.098117709159851,334.7496337890625,-4.5291242599487305,-7.767465591430664,4.856825351715088,0.2058958113193512
46,9,340.4874736460674,1107.1648831166206,629.1087866593878,-144079.0904090716,13.350563049316406,1.589195966720581,0.5072355270385742,-274.7962646484375,-5.161993980407715,14.041582107543945,4.678564548492432,0.2137407660484314
47,9,365.29560682668284,1126.251371173631,576.9767089484285,-144082.82194136418,12.843098640441895,1.147688627243042,-1.1755136251449585,-325.60076904296875,-10.151154518127441,-9.847718238830566,3.7035629749298096,0.2700102627277374
48,9,327.3323353261205,1122.765241891849,583.6189125388765,-145261.68655468663,12.699535369873047,0.4903988242149353,0.6101413369178772,-22.996795654296875,-15.584030151367188,22.294252395629883,3.466625928878784,0.2884649336338043
49,9,406.95229418091304,1125.4306165641835,601.2037935984771,-142364.31327012216,13.267412185668945,0.9794766306877136,-1.1009211540222168,-249.14834594726562,3.0317420959472656,-13.609183311462402,4.502797603607178,0.2220841497182846
50,9,338.08061700715865,1137.462626786526,542.4690936332863,-145305.05857731868,11.642304420471191,4.81575870513916,0.9219902753829956,371.82611083984375,-14.059211730957031,-11.50732707977295,2.130398988723755,0.46939563751220703
51,9,366.65196980293547,971.9949710393299,652.7314298460841,-145815.7863431106,13.228843688964844,4.499763488769531,0.8951619267463684,6.58526611328125,6.943547248840332,-16.074003219604492,4.423526763916016,0.22606396675109863
52,9,334.6512859576376,1154.0810066993142,534.2201970425014,-145268.44586254758,11.523357391357422,5.467906951904297,-0.47916415333747864,22.812889099121094,-38.59608459472656,27.03719711303711,2.0168404579162598,0.49582505226135254
53,9,338.68515152717515,1127.785376350858,565.2631338496429,-145195.76354782502,13.40641975402832,0.5419421195983887,-0.4694173038005829,-407.5438232421875,-4.432367324829102,2.368530035018921,4.800472259521484,0.20831283926963806
54,9,350.62665427281524,1121.6531810548613,535.8070319111868,-145333.95499863013,12.37417221069336,2.752803087234497,0.5790709853172302,93.72919464111328,22.0086612701416,10.402414321899414,2.9842445850372314,0.3350931704044342
55,10,611.156183531025,178.82104767790906,334.9817771990493,-166759.9320573688,13.38394546508789,0.742112398147583,0.7338237166404724,-190.37440490722656,-1.118739366531372,10.752582550048828,4.751043796539307,0.21048006415367126
56,11,67.67228205926547,365.27264193536973,2124.864492068186,-138155.55158996955,13.07653522491455,1.7965885400772095,1.2836612462997437,-219.8483428955078,8.414179801940918,21.648420333862305,4.123889923095703,0.2424895018339157
57,11,53.26359343930149,380.2597141119863,2124.3123531670867,-138235.77079582334,13.443195343017578,4.724544048309326,1.3088091611862183,96.48747253417969,0.5316675305366516,-21.38954734802246,4.882465362548828,0.20481456816196442
58,12,1179.2044311994973,1057.5818471773543,676.1550274860491,-123305.87424484623,13.437749862670898,0.7783251404762268,1.2450857162475586,163.9871826171875,-5.6857380867004395,17.339797973632812,4.870236396789551,0.2053288370370865
59,12,1259.0448666069142,1063.2694665706076,691.4814060142818,-121680.71847909698,13.100238800048828,0.3262611925601959,0.37015822529792786,147.43997192382812,-25.87820816040039,10.854226112365723,4.169152736663818,0.23985688388347626
60,12,1161.609742148153,1085.9828272705922,673.2384153356896,-123317.60863286603,13.200507164001465,6.2039713859558105,1.187218189239502,245.76190185546875,-17.40673828125,9.383532524108887,4.366178035736084,0.22903326153755188
61,13,579.3068047970694,436.25681742162124,-1219.0757322447296,-139372.94185549996,10.902453422546387,4.818819046020508,-0.5177621841430664,181.441162109375,-31.990140914916992,-14.697258949279785,1.5152723789215088,0.6599473357200623
62,13,577.3350961035624,485.1980685541961,-1079.6477485968578,-141318.67347544595,12.560038566589355,6.211607933044434,-0.7983002066612244,69.40276336669922,-5.121823310852051,-17.31781005859375,3.2509305477142334,0.30760422348976135
63,13,580.8687612572428,530.4417506824959,-988.3290100318881,-142014.24107954468,13.033256530761719,1.6853638887405396,-1.2090646028518677,-27.46371078491211,-10.674260139465332,-10.268309593200684,4.042511940002441,0.24737094342708588
64,13,632.7296994461813,422.7072672871577,-1016.9983418416232,-141982.8923932948,10.633119583129883,5.745903491973877,0.9402998089790344,233.70074462890625,3.835376739501953,-19.037628173828125,1.3385169506072998,0.74709552526474
65,14,384.9890830171113,251.8704849962956,1181.09653075389,-151326.47271068027,12.585868835449219,0.38648614287376404,1.2256382703781128,15.389335632324219,-20.288719177246094,20.44088363647461,3.289832353591919,0.30396685004234314
66,14,396.78595889113427,253.14751162747294,1090.6380931916974,-152844.92989617385,10.900379180908203,0.8094887733459473,-0.8742321133613586,-336.8628234863281,-14.483607292175293,-36.521141052246094,1.51382577419281,0.6605780124664307
67,14,370.91955117553977,285.2905101027036,1160.7375445926664,-151384.77419703617,13.268904685974121,1.7461447715759277,-1.4651199579238892,-7.021278381347656,10.812544822692871,-16.15736198425293,4.505893707275391,0.2219315618276596
68,14,353.79848217304846,242.62312579997823,1127.764631054232,-154082.7012547374,13.325355529785156,2.5725820064544678,0.7489822506904602,-205.5754852294922,13.299344062805176,3.2916600704193115,4.624566555023193,0.21623648703098297
69,14,376.87603640844554,250.93752293184946,1190.7911961710179,-151344.52884737786,12.267683029174805,5.331714630126953,0.8302741646766663,297.68115234375,-25.684375762939453,-9.125374794006348,2.8414270877838135,0.35193583369255066
70,15,962.5757073444516,131.85038795022797,119.54156877828069,-157899.71467772595,13.125375747680664,5.30916166305542,0.644000232219696,133.13150024414062,2.752017021179199,-12.183723449707031,4.217694282531738,0.23709636926651
71,15,954.6896813723574,112.48989447079775,156.0655196978478,-158126.10897613692,12.829042434692383,5.858786106109619,0.42877084016799927,-32.73747253417969,-23.964523315429688,8.48029613494873,3.6796672344207764,0.27176371216773987
72,15,1013.5414403708548,45.55239560165889,146.16739991600684,-158659.81260188695,11.60261344909668,0.08942493796348572,0.5695993304252625,140.546630859375,-29.932483673095703,-18.414451599121094,2.0918126106262207,0.4780542850494385
73,15,1065.8194486126035,59.051129468580235,55.54819643941667,-157908.7251693394,12.110034942626953,0.7697370648384094,0.6135110259056091,-90.49806213378906,-30.087011337280273,-2.659311294555664,2.642451763153076,0.378436416387558
74,15,1075.5668391881966,51.808462055619934,57.96411977089429,-157795.24503190286,12.824691772460938,3.043328046798706,0.6946633458137512,-120.71095275878906,14.002753257751465,3.551537036895752,3.6723015308380127,0.2723087966442108
75,15,1009.8231711600291,73.88137328512413,128.70236731495967,-157912.04119214945,12.544184684753418,4.7051920890808105,0.45428067445755005,141.91311645507812,11.149860382080078,-10.50169849395752,3.2272825241088867,0.30985820293426514
76,16,611.7469031665742,82.1132384869808,880.6814077765921,-155246.97884676093,9.766247749328613,1.9186252355575562,0.5058014988899231,-246.05624389648438,73.42605590820312,12.98416805267334,0.8979446887969971,1.113654375076294
77,16,650.6096603780989,56.03510571070724,928.0975116838433,-153994.36135568543,13.48279857635498,3.3641154766082764,0.5339716076850891,2.245223045349121,13.699520111083984,-0.5141505599021912,4.972326755523682,0.20111308991909027
78,16,581.9183381168766,58.4163333154083,1009.7593278088351,-154564.749521265,11.439176559448242,4.418302059173584,-1.2370421886444092,190.07937622070312,-6.858969211578369,40.775054931640625,1.9401501417160034,0.5154240131378174
79,16,609.7130737741295,96.04951584291341,922.7188968154369,-154182.75217140367,12.44761848449707,2.879826784133911,0.847956657409668,-142.4678955078125,20.517024993896484,10.961560249328613,3.0869078636169434,0.32394877076148987
80,16,620.8656731056044,82.98523533269012,883.2471330911794,-155293.20859384883,12.114144325256348,4.505465507507324,1.0012402534484863,264.0816955566406,-6.441300868988037,-24.52025032043457,2.6474571228027344,0.3777209520339966
81,16,624.4928131123833,83.31828997842457,937.8106456482636,-153611.38509564463,12.334548950195312,0.8841111660003662,-0.45033833384513855,-379.51495361328125,1.1909668445587158,-11.779999732971191,2.9302852153778076,0.34126371145248413
82,16,576.6517881935162,68.56812665062675,988.0311244690838,-154838.62160839615,13.434654235839844,3.0917208194732666,-0.4735172390937805,-45.759307861328125,14.115991592407227,0.3182629644870758,4.863297939300537,0.20562177896499634
83,17,919.5312952745344,35.11186260040889,127.67276787778245,-164041.3025224889,12.065600395202637,2.8302345275878906,0.591738224029541,-160.9180145263672,18.406810760498047,4.93388557434082,2.58892822265625,0.3862602114677429
84,17,825.0398627098199,73.27062202515374,235.8026053584326,-163845.1447843228,12.749006271362305,1.8467899560928345,0.7384442090988159,-131.80203247070312,12.203372955322266,7.8692474365234375,3.546511173248291,0.28196725249290466
85,17,854.4870878596263,69.42281279700687,183.04737323139983,-163975.2950370847,12.971752166748047,3.530487060546875,0.6515392065048218,80.4354019165039,13.177557945251465,-2.409670352935791,3.9296181201934814,0.2544776499271393
86,17,828.0481510108079,100.72792311661821,175.29376730842523,-163953.2637350134,13.103982925415039,3.520448684692383,0.8275956511497498,64.59778594970703,12.537870407104492,-2.624485492706299,4.1763482093811035,0.23944362998008728
87,17,903.2443748869009,43.366157987407924,154.27640233906007,-163718.3034721198,12.554768562316895,2.602909564971924,0.587730884552002,-40.14312744140625,17.330577850341797,0.99062180519104,3.2430500984191895,0.30835169553756714
88,17,799.493189857115,134.10559744482265,155.34248134914384,-164415.1669409698,12.906076431274414,5.106287956237793,0.7367897033691406,233.78733825683594,-14.713688850402832,-5.337530136108398,3.8125486373901367,0.26229172945022583
89,17,792.478704012658,142.61440586974928,172.8708365704988,-163833.71287721323,13.229911804199219,2.412320375442505,1.07454252243042,-17.214584350585938,11.527741432189941,5.6731696128845215,4.425703048706055,0.22595280408859253
90,17,838.1322156994548,115.35468261877683,123.46890445804456,-164043.48029124417,13.328393936157227,1.7871061563491821,0.8571335673332214,-229.301025390625,-0.9960026741027832,9.39498233795166,4.63104248046875,0.21593409776687622
91,18,654.2682822521473,196.23262628032913,292.76902782574456,-165489.8470835802,13.232718467712402,4.174997329711914,0.764812707901001,132.23126220703125,6.329201698303223,-10.15303897857666,4.4314284324646,0.22566087543964386
92,18,651.489664019616,213.21319953893234,216.6694093684564,-167200.44260973434,13.280344009399414,1.7560533285140991,-0.6575409173965454,-199.5631866455078,6.054465293884277,-4.834005832672119,4.529693126678467,0.22076550126075745
93,18,656.9551598103842,169.03151878751532,239.85624790391014,-167516.54750765424,13.400115966796875,5.9761738777160645,-0.49847301840782166,253.61062622070312,-6.022197723388672,8.049915313720703,4.786556720733643,0.20891845226287842
94,18,642.9147948375619,184.24009428767877,274.29863583543187,-166891.12664709138,12.518762588500977,5.44476842880249,-1.1289957761764526,137.2672119140625,-3.5281176567077637,17.854473114013672,3.1897194385528564,0.31350719928741455
95,18,597.1208151046936,264.5498108062215,247.50454560426078,-166882.43861715664,12.883033752441406,1.396204948425293,1.3046399354934692,-176.48129272460938,-6.446082592010498,13.061840057373047,3.7723047733306885,0.2650899291038513
96,18,633.6464458294548,197.51520838327986,307.0910497204022,-166079.17283062328,12.541136741638184,2.0049099922180176,-0.8140880465507507,-154.31826782226562,14.131939888000488,-6.983665943145752,3.222755193710327,0.3102934956550598
97,18,560.0101382039725,251.2189468522851,292.1821599101147,-167553.08923286604,13.392108917236328,0.24829748272895813,-1.2047280073165894,-75.90184020996094,-13.963016510009766,2.54614520072937,4.7689385414123535,0.20969027280807495
98,18,638.2504118662481,240.86227929000157,234.48774565830533,-166210.16782983489,12.726740837097168,5.3966827392578125,-0.6251910328865051,264.06585693359375,0.806148111820221,7.482854843139648,3.510331630706787,0.284873366355896
99,18,609.8539106277307,242.26081036540276,261.1461100549586,-166897.01218793282,11.717439651489258,1.0737380981445312,-1.2862454652786255,-162.5697784423828,-21.87793731689453,-15.779895782470703,2.2054030895233154,0.4534318447113037
100,19,66.27515052498656,187.01030627014885,1474.4254210250656,-158070.49929886535,13.284668922424316,5.522134304046631,0.5864023566246033,298.0078125,-10.807019233703613,-13.297947883605957,4.538724422454834,0.22032621502876282
101,19,51.77771320644193,188.44838988549571,1540.6158058533708,-156735.27514062152,12.54725456237793,5.732691764831543,-0.5962110757827759,320.572021484375,-24.736703872680664,6.009061336517334,3.2318480014801025,0.30942049622535706
102,19,52.071263738577734,190.05302283890487,1537.2758102247446,-156762.1166620598,12.987024307250977,5.542788505554199,-0.49434971809387207,394.17437744140625,-15.499070167541504,4.9084625244140625,3.9573545455932617,0.2526940703392029
103,19,67.31925112147921,185.58343311614328,1473.0959582840733,-158087.82877840905,13.30014705657959,5.463495254516602,0.3503190279006958,348.23089599609375,-8.967840194702148,-11.938138961791992,4.571191787719727,0.21876132488250732
104,19,63.64102221017288,186.57950948631623,1485.8755101282077,-157883.06412144922,13.124338150024414,1.5073890686035156,0.5431804060935974,-335.4239196777344,0.022278621792793274,13.603317260742188,4.2156805992126465,0.23720961809158325
105,19,50.60064593899671,189.05193408399725,1541.095534058555,-156763.84937921388,13.461779594421387,5.478177070617676,-0.49374493956565857,406.30450439453125,-10.305529594421387,5.459079265594482,4.924428939819336,0.20306922495365143
106,19,52.745115184580776,187.98853192026303,1539.3839615709187,-156764.8793951709,13.36362361907959,5.523041725158691,-0.5428076386451721,383.7327575683594,-12.219484329223633,6.776040554046631,4.706789016723633,0.21245907247066498
107,19,64.50032583977757,186.71033800607788,1481.1174680735764,-157963.18105970076,12.521066665649414,1.018051028251648,1.1425150632858276,-136.0506134033203,-17.903230667114258,22.39592933654785,3.193105936050415,0.31317469477653503
108,19,52.54756536708824,190.20832040009174,1539.7023155744973,-156670.53232012343,12.422165870666504,0.8439447283744812,0.36745932698249817,-414.7087707519531,-19.206758499145508,1.0701247453689575,3.050936460494995,0.3277682065963745
109,19,65.56327226006167,185.41471462844154,1476.8456890910963,-158067.3100716102,13.186847686767578,5.448117256164551,0.42952394485473633,328.8331298828125,-9.451384544372559,-13.469927787780762,4.338799953460693,0.23047848045825958
110,20,264.49691177105876,933.1026500523653,-1211.556510592018,-138530.51136455094,13.415573120117188,0.7485738396644592,-0.7114703059196472,185.7890625,-8.552645683288574,-6.0524115562438965,4.820749282836914,0.20743663609027863
111,21,416.5337604722519,170.68304105153376,1169.7156076429164,-152799.6919696516,13.47064208984375,0.4081152677536011,-0.4540292024612427,-202.59500122070312,-22.22442054748535,-0.49890950322151184,4.944570064544678,0.20224204659461975
112,21,413.61040963942236,170.55252400756999,1175.3644055036502,-152799.41694249245,13.27394962310791,0.4515627324581146,-0.4769761860370636,-136.2219696044922,-24.609189987182617,-3.6958088874816895,4.516374111175537,0.22141656279563904
113,22,510.2441999560049,1031.6598764211917,931.4108899499977,-135231.91115615418,12.718596458435059,0.6361686587333679,0.6775647401809692,-379.84393310546875,-19.48676109313965,-5.009957313537598,3.4971907138824463,0.28594380617141724
114,22,547.4301936035522,1045.4292974148216,853.7129376489638,-135307.55476229187,13.370317459106445,5.375405311584473,-0.8390796184539795,406.3942565917969,-11.374815940856934,1.3033134937286377,4.721320152282715,0.21180516481399536
115,22,564.982027741468,1001.1781385528038,878.494904813756,-135251.14855640798,12.830179214477539,0.11086490750312805,-0.8804139494895935,167.44757080078125,-22.136428833007812,-15.58602237701416,3.6815929412841797,0.27162155508995056
116,23,685.8200359814249,71.46544499251304,459.6496601722556,-164393.64168120854,13.302528381347656,4.0606536865234375,-0.6341701745986938,181.25582885742188,8.019527435302734,6.56759786605835,4.576208114624023,0.21852153539657593
117,23,679.9112149204731,60.38942870450447,505.7125804261204,-163945.48497635045,11.961639404296875,3.5940277576446533,-1.0962681770324707,-10.865423202514648,27.110027313232422,2.709522247314453,2.4679012298583984,0.40520259737968445
118,23,660.8950886622521,103.42978013139218,450.0425985491575,-164310.39354285778,13.47333812713623,4.2173357009887695,-0.7974704504013062,209.79457092285156,4.640170574188232,8.19778823852539,4.950711250305176,0.20199118554592133
119,23,696.1084098491374,68.1446466206819,454.59886315758547,-164246.23113254868,12.307096481323242,2.126668691635132,-0.9649257063865662,-58.46752166748047,19.44805908203125,-11.306365966796875,2.893472194671631,0.3456055223941803
120,24,708.9989080261112,242.8473289129164,-433.1756416299067,-157457.09840549005,13.09540843963623,1.276655673980713,-0.6588988304138184,-47.603736877441406,4.589164733886719,-10.695613861083984,4.159888744354248,0.24039104580879211
121,24,791.5048082781066,181.24527176656503,-387.20905101380794,-157090.21867187414,13.010213851928711,5.95784854888916,0.604645848274231,200.55770874023438,-1.8063669204711914,-9.52767276763916,3.99984073638916,0.2500099539756775
122,24,853.4258069092556,158.97589728550005,-247.61130452846552,-158474.84465827185,13.318796157836914,6.011548042297363,0.5336552858352661,-144.37557983398438,-15.072808265686035,8.09929084777832,4.610619068145752,0.2168906182050705
123,24,766.8593685954496,193.44506517501938,-376.6566333504106,-158028.1446610579,13.259964942932129,4.808729648590088,1.1187934875488281,128.8450164794922,-9.723956108093262,-8.744346618652344,4.487381935119629,0.2228470891714096
124,24,809.592851760791,226.81889020073484,-294.31936821916673,-156949.51354899048,12.236653327941895,1.8047103881835938,0.5215467214584351,-306.0076599121094,-6.493408679962158,2.9577441215515137,2.8011133670806885,0.3570009171962738
125,25,498.66617222266746,46.41911129143226,947.856222723094,-160203.0850957173,13.43033218383789,4.325937747955322,-0.4384755492210388,217.37960815429688,8.680819511413574,4.736555576324463,4.8536272048950195,0.20603148639202118
126,25,502.67163911718313,43.90144918399516,939.3142321119957,-160272.52126878576,12.139320373535156,4.5543694496154785,0.3815244436264038,237.48997497558594,15.953104972839355,-12.755301475524902,2.6783299446105957,0.37336698174476624
127,25,538.8092261763594,64.07105943196981,837.5992119606234,-160644.4262297728,12.927228927612305,3.9311106204986572,-0.40610411763191223,250.85659790039062,10.646889686584473,7.255371570587158,3.8498682975769043,0.2597491443157196
128,25,543.9579688466588,65.79611889642399,825.5348729829548,-160612.44229691976,12.359715461730957,2.659111499786377,0.4044732451438904,-62.81885528564453,23.338058471679688,-1.4222062826156616,2.9644432067871094,0.33733147382736206
129,25,501.2651127768658,44.00589046691706,953.1320692865224,-160045.21580574033,13.263614654541016,4.093338966369629,0.45699605345726013,277.94451904296875,7.940631866455078,-5.92825984954834,4.49492883682251,0.2224729359149933
130,25,505.5710532717781,48.98576459143119,934.9540453024189,-160127.6640196077,13.290836334228516,2.4048521518707275,-0.5233436822891235,-172.4460906982422,12.081120491027832,-4.752187728881836,4.551634311676025,0.21970130503177643
131,26,593.0613377890519,13.150136336859697,-292.3170909686359,-178750.8603965073,10.908947944641113,1.6656115055084229,-0.4865480661392212,-192.29385375976562,-4.388675212860107,-16.755075454711914,1.5198112726211548,0.6579764485359192
132,26,493.24644367750346,117.94319535322137,-258.0597548908263,-179012.27975669503,13.226996421813965,5.645887851715088,0.5623501539230347,39.951194763183594,-15.326498985290527,1.4329559803009033,4.419766426086426,0.22625629603862762
133,26,470.1493883712005,163.044143393335,-236.09048727434126,-178669.40071000284,13.133820533752441,5.4895524978637695,-0.9813629388809204,78.75054931640625,-4.685229301452637,8.083561897277832,4.234128475189209,0.23617611825466156
134,26,598.4162762302977,9.754904005703022,-287.3962547606258,-178774.86349513324,8.380674362182617,3.5181522369384766,1.0395455360412598,-11.63878059387207,96.16203308105469,-18.946949005126953,0.4743892550468445,2.107973575592041
135,26,559.5062362395798,87.38848928145413,-185.86771058178962,-179508.28853523466,12.418550491333008,4.974494934082031,-0.5590211749076843,166.04638671875,-9.464072227478027,9.83360767364502,3.045860767364502,0.3283144235610962
136,26,635.0161381971805,29.41579450821513,-172.35468631450203,-178978.85873656365,11.624716758728027,4.617542266845703,-0.3886691629886627,207.5771942138672,-1.3601059913635254,11.245721817016602,2.113213300704956,0.47321298718452454
137,26,593.2061978573151,13.451047910123984,-291.9820233065948,-178760.79822059956,10.532055854797363,1.563589096069336,-0.6459927558898926,-179.83355712890625,-11.204421997070312,-21.158164978027344,1.2776479721069336,0.7826882004737854
138,27,464.18104194190823,156.71214289302839,553.4803991007038,-168669.9723739982,12.97478199005127,4.468876838684082,1.1297438144683838,69.4398422241211,6.285088062286377,-14.897538185119629,3.935105562210083,0.254122793674469
139,27,554.4694934240282,123.89243410462164,468.46169649347394,-168267.85270671785,11.778457641601562,5.734895706176758,1.1420518159866333,-11.524515151977539,-33.91593933105469,-2.530900001525879,2.2682526111602783,0.44086799025535583
140,27,499.30711854583416,164.13557992059162,518.7687345687846,-167727.98075775296,13.004532814025879,0.696986973285675,-0.42308512330055237,-240.71710205078125,-3.310913562774658,-13.744053840637207,3.9893908500671387,0.2506648302078247
141,27,488.190595583296,161.42147209864237,490.46541185600285,-169180.6592469605,12.877973556518555,1.5244063138961792,1.2715785503387451,-153.80650329589844,-3.8543291091918945,15.74135684967041,3.763523578643799,0.26570844650268555
142,27,522.9650856111924,134.1221325281532,549.9911334247372,-166865.5946898945,12.665750503540039,4.79370641708374,-0.523587167263031,260.8511657714844,7.138321399688721,5.67669153213501,3.413109302520752,0.29298797249794006
143,27,480.8746434517643,152.1404201679486,577.3663380462749,-167375.1268897052,13.310786247253418,1.7428369522094727,0.703116238117218,-183.3271026611328,4.923806190490723,9.99424934387207,4.593643665313721,0.21769210696220398
144,27,452.5618254999949,145.95982630140975,611.9440301751183,-168035.6451805702,13.007040977478027,1.653820276260376,-0.6156812310218811,-240.06761169433594,7.103926181793213,-6.848235130310059,3.994001865386963,0.2503754496574402
145,27,504.32437289297,164.8117014771531,545.6820515417495,-166527.3387844557,13.258999824523926,0.6658227443695068,-0.5926620960235596,-205.0050048828125,-3.6095423698425293,-13.384410858154297,4.485386848449707,0.22294621169567108
146,28,432.8332116482955,153.30698753418076,731.5823812796881,-164880.78567253824,12.543268203735352,0.2872151732444763,0.6257244348526001,-170.37924194335938,-18.295059204101562,17.321823120117188,3.2259202003479004,0.3099890649318695
147,28,443.2599200233362,151.47792523301513,709.7683702891528,-165178.53967114817,13.208642959594727,1.5860917568206787,0.6315560340881348,-332.34356689453125,-1.168316125869751,6.783024787902832,4.382567882537842,0.22817672789096832
148,28,435.04175540486426,145.7077485307579,725.4111127895993,-164987.52791078613,11.349109649658203,2.4021987915039062,-0.3584807217121124,-97.02229309082031,33.7318115234375,-15.325200080871582,1.8613237142562866,0.5372520685195923
149,28,433.19169238674385,154.22232127116496,729.5441205361449,-164911.3935653721,12.409029960632324,0.4166393280029297,1.0406736135482788,-71.173828125,-16.973674774169922,20.521692276000977,3.032536506652832,0.3297569453716278
150,28,470.13063726257064,160.2509683970599,644.2624958410834,-165461.39943894555,12.658727645874023,1.2873469591140747,-1.1406786441802979,-58.53016662597656,2.7438223361968994,-21.117460250854492,3.4020872116088867,0.29393720626831055
151,28,477.583360270395,146.38416249577654,639.4599630794245,-165780.76227129062,12.71318244934082,6.01501989364624,-0.9273848533630371,97.7001724243164,-16.76759147644043,14.76774787902832,3.488481283187866,0.2866576910018921
152,28,482.1258793659222,137.1570810777212,655.4998797744229,-165348.61742118298,13.336994171142578,0.09909728914499283,0.42598584294319153,-242.1863250732422,-16.265174865722656,8.506180763244629,4.649421691894531,0.21508051455020905
153,28,491.25606762133816,137.6505535965579,644.4704657519541,-165391.7917142489,12.927572250366211,0.9325409531593323,0.5906315445899963,-293.90777587890625,1.157820701599121,9.828680992126465,3.8504769802093506,0.25970807671546936
154,28,478.2173456757154,140.56901810576554,648.3257667494036,-165777.77898881043,13.44401741027832,5.245096206665039,-0.578450620174408,247.9065399169922,1.4423081874847412,7.376038551330566,4.884312152862549,0.2047371119260788
155,29,674.3368396017216,553.1639497605105,120.67441893051146,-158288.0817818784,11.961540222167969,2.9660987854003906,-1.3914153575897217,-41.53772735595703,24.641891479492188,12.633140563964844,2.4677889347076416,0.40522104501724243
156,29,651.4984785330583,620.6489005134704,73.24334857100713,-158206.01618459172,13.242237091064453,0.11549808084964752,0.5165066123008728,-331.45196533203125,-9.384027481079102,3.6779370307922363,4.450896739959717,0.2246738225221634
157,29,761.0914643604,361.22455153137656,108.13022548301431,-159357.50861047945,13.216058731079102,0.09611666202545166,-0.9156091213226318,-143.3709259033203,-11.019183158874512,-11.628931045532227,4.3975605964660645,0.2273987978696823
158,29,723.6648962963377,416.3744507729376,125.06223891804072,-159212.29885063335,13.200311660766602,0.504486620426178,0.5868307948112488,-144.23104858398438,-17.278911590576172,-7.834949493408203,4.365785121917725,0.22905386984348297
159,29,729.4950548549128,451.8430104237799,79.91897063706438,-158711.60648221927,13.470535278320312,0.038098059594631195,-0.7104752063751221,-210.3404541015625,-10.460840225219727,-9.100096702575684,4.9443254470825195,0.20225206017494202
160,29,775.7295402035444,364.16439565269786,74.64368773203749,-159284.65331641166,13.465234756469727,0.15147621929645538,-0.5748595595359802,-274.09442138671875,-7.351613998413086,-8.29037857055664,4.932272434234619,0.20274630188941956
161,29,631.1300853630638,507.7463334680308,222.64806260940162,-158285.56474980924,13.142986297607422,0.26509740948677063,-0.3892623484134674,-146.45472717285156,-9.463644981384277,-16.60845375061035,4.252039432525635,0.23518125712871552
162,29,698.655803739097,457.5152354369745,153.65967994393208,-158655.60452212047,12.135147094726562,0.15394558012485504,-1.0013014078140259,-89.17404174804688,-23.245981216430664,14.19448471069336,2.673187255859375,0.37408527731895447
163,29,690.3539873858023,521.0229914743242,114.86781073959264,-158531.58118140302,13.172672271728516,2.318626642227173,1.261611819267273,-61.82848358154297,4.416812419891357,14.012733459472656,4.3105669021606445,0.23198804259300232
164,29,706.5683094636814,465.37493994645035,119.83459847293851,-158870.10603657278,11.697187423706055,2.140618324279785,-0.47114071249961853,-142.1191864013672,25.113245010375977,3.2681500911712646,2.184929847717285,0.4576806128025055
165,30,448.07122662134856,160.75226075406187,489.62673282428614,-171341.00783669268,12.949729919433594,4.796337127685547,1.3270444869995117,30.077396392822266,1.0223792791366577,-16.582632064819336,3.889967918395996,0.25707152485847473
166,31,416.46090290043554,182.41978991340977,-874.7828436315954,-160340.74252785192,12.60707950592041,3.3224549293518066,1.002367615699768,114.3232192993164,9.213711738586426,-3.165520191192627,3.32212495803833,0.30101215839385986
167,31,452.94651267801294,199.78327997203212,-777.402371651415,-160804.109601709,13.13565731048584,0.9456007480621338,1.0557156801223755,-45.333683013916016,2.4913973808288574,8.183198928833008,4.237712383270264,0.23597636818885803
168,32,575.8888784966379,69.18887746098238,1081.2714551391691,-152303.3305672751,10.167484283447266,1.2714802026748657,0.7255555391311646,-219.91029357910156,-56.84975814819336,48.998111724853516,1.0801818370819092,0.9257700443267822
169,32,660.216631448234,48.062670610767576,984.20533989666,-152442.72963167896,12.010032653808594,4.936090469360352,-0.44425472617149353,333.7312316894531,-22.77837371826172,14.160635948181152,2.523519277572632,0.3962719738483429
170,32,637.6552743343553,78.42059859231357,978.8287942931705,-152390.76990897575,12.116010665893555,6.062814712524414,-0.7527124881744385,-50.08030319213867,-36.409820556640625,-11.07750129699707,2.6497325897216797,0.3773965835571289
171,33,275.29558622305535,205.98435164463328,-1177.3485571171593,-156868.8695643301,9.461220741271973,0.13138465583324432,0.9102906584739685,-38.06127166748047,-30.060033798217773,-46.28424072265625,0.7802685499191284,1.2816100120544434
172,33,281.0894694523175,213.73110637100373,-1161.628792005622,-156935.67087737485,12.82864761352539,0.23847046494483948,0.4710943400859833,42.44103240966797,-4.063604354858398,-11.52126693725586,3.6789987087249756,0.2718130946159363
173,33,241.13416820634203,221.62927137139715,-1264.7940024169563,-155447.57267028847,10.531462669372559,2.3489387035369873,-0.9034183025360107,-24.517173767089844,-1.998201608657837,-32.1922492980957,1.2772988080978394,0.782902181148529
174,33,280.5220908165041,220.833796415605,-1156.3085784192053,-156913.12467722106,13.092384338378906,5.994760513305664,0.7462059259414673,-5.787906646728516,0.7175230979919434,-6.781493186950684,4.154099464416504,0.2407260537147522
175,34,726.3539924951252,491.5246715701129,-402.1825625859492,-149900.6234572671,12.681893348693848,3.485234498977661,0.4774077832698822,235.34628295898438,9.984365463256836,0.3013547360897064,3.4385759830474854,0.29081806540489197
176,34,681.4389541523668,467.35973500300037,-490.0535303648212,-150707.07155573295,12.901825904846191,0.2643449306488037,0.6510437726974487,-278.3621826171875,-2.0946342945098877,6.919034004211426,3.8050920963287354,0.2628057301044464
177,34,707.4426937104871,414.68042260307897,-485.472041480145,-151284.96765622837,12.689705848693848,0.22023791074752808,-1.2273008823394775,-128.06964111328125,-12.971253395080566,9.614750862121582,3.45097017288208,0.2897735834121704
178,34,718.9479082279249,426.7304234285047,-391.72842636718997,-151930.46082834326,11.967982292175293,4.2766523361206055,0.42038190364837646,111.27790832519531,18.496736526489258,4.193592548370361,2.475121021270752,0.40402063727378845
179,34,690.6784783901558,458.7276032673398,-456.52244058560063,-151352.06600683354,13.21951675415039,6.16084623336792,-0.4098188877105713,309.6304931640625,-3.312889575958252,0.40955838561058044,4.404567241668701,0.22703705728054047
180,35,490.63868376191056,132.13615803381217,543.4452530004492,-168737.78852456724,13.403636932373047,0.5231344699859619,-0.36050403118133545,-270.1171875,-4.191793918609619,-10.670097351074219,4.794325351715088,0.2085799276828766
181,35,476.5148168868904,115.80142090092987,593.6169810333013,-168688.76872724967,12.840876579284668,0.5911009907722473,0.44251570105552673,-85.04265594482422,-24.697446823120117,3.1212048530578613,3.699774980545044,0.2702867090702057
182,35,455.7716036194603,138.96482457489617,602.6261459103717,-168446.21602603552,12.961884498596191,1.718868613243103,0.7857539653778076,-162.7684326171875,6.4562225341796875,12.725818634033203,3.9118027687072754,0.255636602640152
183,35,472.37037457689763,110.64999226349791,619.0288397360273,-168286.75205717733,12.79563045501709,5.999536991119385,0.49506300687789917,-80.70391845703125,-26.004337310791016,2.445328950881958,3.6234822273254395,0.27597761154174805
184,35,446.54369832682306,148.90295660581444,604.8278595690281,-168352.32410496275,12.92724609375,0.84437495470047,-0.7486103177070618,-175.94802856445312,-3.2760026454925537,-16.370515823364258,3.849897861480713,0.25974714756011963
185,35,433.3032076960764,119.26776582046372,684.9316542764974,-167867.42314669062,11.582144737243652,2.0166754722595215,-1.2669681310653687,6.285758972167969,24.167667388916016,-26.158384323120117,2.0721867084503174,0.4825820028781891
186,36,247.75699753212808,261.20371508974796,1749.988653877663,-142817.5792524643,12.836395263671875,0.8318899273872375,0.6123759746551514,-300.0307922363281,-12.097982406616211,21.100936889648438,3.692147970199585,0.27084505558013916
187,36,272.63965760204775,223.98820622430998,1817.946791416838,-141581.4759350531,12.97960090637207,4.624612808227539,0.6452794075012207,231.9741973876953,10.344098091125488,-17.6424617767334,3.9438469409942627,0.25355952978134155
188,36,270.5831098673608,220.70673504318123,1827.061905758858,-141478.11760696757,12.662439346313477,3.2101991176605225,-0.3548744320869446,-50.169677734375,25.532285690307617,-6.851632595062256,3.4079079627990723,0.29343515634536743
189,36,269.27780772927457,244.19756613473794,1797.590828343433,-141624.70721199826,13.301433563232422,5.217452526092529,0.8453446626663208,251.74981689453125,-2.699519395828247,-18.758832931518555,4.573899745941162,0.2186318188905716
190,36,259.51600418596837,285.24584323304657,1703.867068399537,-142879.51267640703,13.284799575805664,1.1715507507324219,-1.002993106842041,-235.58567810058594,1.3565762042999268,-18.90104103088379,4.538998126983643,0.2203129380941391
191,36,252.76030123908632,237.13539933153206,1917.422941476123,-139802.41231821795,13.009624481201172,5.604763031005859,-0.7825173139572144,248.0669708251953,-21.729463577270508,14.821758270263672,3.998755931854248,0.2500777840614319
192,36,237.71544169635638,264.8676952861436,1910.8560342455746,-139763.21502429142,13.375843048095703,1.00816011428833,0.6786816716194153,-443.01422119140625,-8.969588279724121,9.852437019348145,4.733348846435547,0.2112669199705124
193,37,517.6315921118992,53.752050840288085,-1037.8243686240285,-156594.17031772275,12.550233840942383,3.4508748054504395,0.7239921689033508,131.085205078125,7.190732002258301,-6.968229293823242,3.2362847328186035,0.3089962899684906
194,37,496.23920466843276,60.039254164731155,-1110.805736635854,-155232.08640652505,13.432311058044434,2.700383424758911,0.5352672934532166,-30.43909454345703,6.640750885009766,0.10806556046009064,4.8580522537231445,0.20584380626678467
195,37,598.7360701036861,35.68863201162212,-928.1270680404415,-156984.77934105287,13.190807342529297,1.681579828262329,-0.36561477184295654,-68.37905883789062,5.693169593811035,-2.4841489791870117,4.346717357635498,0.2300586700439453
196,37,512.7929854241622,51.225614571423606,-1038.1434875246177,-156797.35853505824,13.108938217163086,2.3670525550842285,0.3576609194278717,-190.29568481445312,3.3559317588806152,0.9536139965057373,4.185887336730957,0.23889797925949097
197,37,577.185203132,59.886677361988,-962.8962405926665,-155827.0626087394,13.414969444274902,3.0388131141662598,0.4619514048099518,-2.1912031173706055,7.5088114738464355,-1.3514106273651123,4.81941032409668,0.20749425888061523
198,37,529.8072788496061,44.069910898337454,-1033.6180518473334,-156584.95691075062,13.278579711914062,3.326561450958252,-0.46136367321014404,72.001953125,7.187629699707031,0.2834172248840332,4.52601432800293,0.22094494104385376
199,37,527.7932860111287,34.43008074149497,-1108.4743989874223,-155120.66260350696,13.415115356445312,3.014017343521118,0.3978375494480133,-9.977715492248535,6.990948677062988,-0.5220803618431091,4.819733142852783,0.20748037099838257
200,37,479.41369442192774,75.35407438619173,-1106.7034802144062,-155425.56376156726,13.454031944274902,2.1377384662628174,-0.5968337059020996,-176.40748596191406,0.2103460133075714,-4.932467937469482,4.906890869140625,0.20379503071308136
201,38,375.549644975239,384.35104185264487,328.71175008510903,-171701.99530670696,13.119964599609375,6.235924243927002,-0.3574196994304657,-58.751869201660156,-16.986038208007812,-13.14736557006836,4.207197666168213,0.23768790066242218
202,38,380.5642898217789,336.5848630622007,376.6386446141932,-171615.22719426357,12.997775077819824,0.4223402142524719,0.6184767484664917,33.238319396972656,-21.305023193359375,2.1564879417419434,3.976994514465332,0.2514461576938629
203,38,353.2518309150908,368.4478346904482,415.9930917005604,-170973.7663980787,12.316288948059082,1.5872948169708252,0.8113695979118347,-129.37899780273438,2.2593677043914795,20.49249839782715,2.9057469367980957,0.34414559602737427
204,38,381.551965614964,342.7936374248198,380.93421787624175,-171538.51449404005,12.252126693725586,4.997335433959961,-0.8080357909202576,114.15339660644531,-2.041715383529663,21.330842971801758,2.8211448192596436,0.3544660210609436
205,38,375.42107890912285,356.15539061183546,377.1780809965798,-171394.70241002523,12.61268424987793,5.106528282165527,-1.073415994644165,232.5777587890625,-9.806990623474121,11.016305923461914,3.330709457397461,0.3002363443374634
206,38,376.1954565112315,353.6657596055924,370.4829948794559,-171480.67013435348,13.256608963012695,1.2806661128997803,-1.03782057762146,-89.62879943847656,-5.911689281463623,-13.193284034729004,4.480452537536621,0.2231917381286621
207,38,376.26735137914574,367.94504404051855,363.88190699949246,-171309.9406711229,11.41873836517334,6.178651332855225,0.7651225328445435,39.11585998535156,-34.439388275146484,18.092741012573242,1.921974778175354,0.520298182964325
208,38,344.507671999953,318.190928532393,470.30883009845815,-171054.29689513435,13.480366706848145,5.04061222076416,1.0000712871551514,213.92459106445312,-3.8783392906188965,-8.868234634399414,4.966761589050293,0.20133844017982483
209,38,379.57499865811036,369.9054905248464,354.99174749652866,-171352.74561142665,12.922087669372559,1.2268295288085938,-1.0155963897705078,-201.1588897705078,0.8527991771697998,-11.960753440856934,3.840763568878174,0.2603648900985718
210,39,593.7033052770835,73.9186984578119,668.0468497094586,-162619.2271640995,13.06892204284668,3.595162868499756,0.7438991069793701,99.994384765625,14.220187187194824,-4.446868896484375,4.109455585479736,0.24334123730659485
211,39,609.4315156333018,62.57762618338561,664.072048485019,-162552.09423514947,13.092365264892578,2.366847276687622,0.5984554290771484,-123.90773010253906,13.079190254211426,5.4339518547058105,4.154062747955322,0.24072818458080292
212,39,578.9892288176861,56.77405348007176,737.9337841638661,-162119.96697388485,12.620615005493164,2.6625914573669434,0.741287887096405,-168.69302368164062,16.600690841674805,7.121151924133301,3.3428966999053955,0.2991417646408081
213,39,549.7182047220955,76.68640697364258,760.6755284293467,-161799.14882915802,12.663823127746582,5.568802356719971,0.35860440135002136,180.0250244140625,-27.050565719604492,1.4911035299301147,3.410080909729004,0.29324817657470703
214,39,560.2238455762431,69.85359828780335,735.8950147642772,-162225.9346504022,10.568977355957031,1.3472990989685059,0.7694296836853027,-286.0626220703125,-35.576210021972656,25.92073631286621,1.2995575666427612,0.7694926261901855
215,39,559.4233386395174,68.02007500777356,755.7181095701053,-161915.38832355256,12.764986038208008,4.336134433746338,0.46948131918907166,342.0690612792969,2.8624062538146973,-7.110184669494629,3.572704792022705,0.2798999845981598
216,39,571.4324231016122,59.248898341347704,752.2826693100421,-161826.4926251743,11.050881385803223,0.9129111170768738,0.7304878830909729,-240.1062774658203,-4.609261989593506,39.47220993041992,1.6224682331085205,0.6163448691368103
217,39,612.6578294111043,60.13691096547656,659.5942672240083,-162649.37376492735,13.333208084106445,2.1873412132263184,0.5714791417121887,-228.1185302734375,7.998573303222656,5.997060775756836,4.641322135925293,0.21545584499835968
218,39,590.1201302631562,81.38618995456251,667.5190877252147,-162487.63794883437,12.399067878723145,2.9391777515411377,0.9567192792892456,53.86279296875,22.797292709350586,-0.7605591416358948,3.018655776977539,0.33127328753471375
219,39,605.236449032436,67.3032445211581,664.9154805047765,-162491.56043003415,12.76057243347168,2.1570749282836914,0.5744717717170715,-128.46884155273438,15.027194023132324,7.678752422332764,3.565451145172119,0.2804694175720215
220,40,327.7304487548706,78.97308752978705,1530.3951280602596,-150294.890266594,12.23900032043457,4.478396415710449,-0.6999593377113342,264.1803283691406,19.330121994018555,14.780333518981934,2.804142951965332,0.35661518573760986
221,41,1285.5104263085875,1071.2874128916164,142.13786069426718,-128145.57355603925,13.178289413452148,6.008955001831055,0.7847161889076233,-83.97190856933594,-9.736363410949707,-18.672048568725586,4.3217315673828125,0.23138873279094696
222,41,1285.9288348252728,1025.398041449649,103.44922919339297,-128166.64594262186,11.168561935424805,4.2272233963012695,-0.8767715692520142,393.1806945800781,-11.673624992370605,19.654922485351562,1.7128227949142456,0.5838315486907959
223,42,102.20677030924527,273.04486606673254,-1646.7324539531346,-149524.3472103126,12.047744750976562,0.9410996437072754,0.9401829838752747,-113.1966552734375,4.649765491485596,-1.3157315254211426,2.567728042602539,0.3894493579864502
224,42,104.0066646502512,277.08542054078794,-1693.3456015596712,-148267.31795412954,12.640338897705078,3.4170501232147217,0.8001359701156616,27.414243698120117,5.836675643920898,4.511755466461182,3.3733997344970703,0.2964368462562561
225,42,115.61878374862454,261.6097862093496,-1642.079598443637,-149522.43089495003,13.246570587158203,1.268573522567749,-1.1717228889465332,22.443077087402344,1.8883289098739624,-2.414553642272949,4.459787845611572,0.22422590851783752
226,43,1954.7448225994408,818.1117967300657,-34.944761835358804,-118085.77249854419,13.403712272644043,1.8848154544830322,-1.0529072284698486,142.58990478515625,12.589151382446289,-8.730387687683105,4.794490814208984,0.20857271552085876
227,43,2090.7476625626246,649.6530220178934,-28.785781740363742,-116432.18802366155,13.360176086425781,3.534510374069214,0.8418463468551636,350.78936767578125,6.7322468757629395,-6.944859504699707,4.69932222366333,0.2127966433763504
228,43,2072.201903202301,1035.19182495521,-108.53105345805304,-113120.45056235945,12.771942138671875,4.301268577575684,-1.1576632261276245,35.4559326171875,22.08297348022461,1.445166826248169,3.584169387817383,0.27900466322898865
229,43,2129.0487475388086,998.067635824102,3.3516910641265825,-113356.90583754974,13.338500022888184,4.67888069152832,0.6645640730857849,415.61505126953125,-11.162806510925293,-2.7937448024749756,4.652646541595459,0.2149314284324646
230,44,634.1552419488182,351.0437773429641,11.919080678018867,-168746.70093580772,13.368310928344727,4.806002616882324,-0.9781399965286255,226.66806030273438,-2.995194673538208,6.878114700317383,4.7169599533081055,0.21200095117092133
231,44,641.0288845800354,289.5640240025338,-18.784351033541057,-169608.20673750035,13.3660306930542,0.1106967180967331,0.9637430310249329,38.80650329589844,-12.15229320526123,-6.661027908325195,4.712008953094482,0.21222370862960815
232,44,640.5260130511848,272.62956080040505,80.44423875557914,-169571.2707318526,13.061914443969727,1.6829919815063477,0.6430591940879822,-188.2625274658203,-0.5164215564727783,11.069832801818848,4.096216201782227,0.24412773549556732
233,44,598.2042707580496,365.96986037572145,-17.340144014657213,-169638.04789716064,13.345279693603516,6.051572322845459,-0.46422937512397766,83.6985855102539,-7.424663066864014,12.23298454284668,4.667194843292236,0.21426145732402802
234,44,648.6212384278281,279.09191945338125,-9.116407061845162,-169893.56056380185,13.411931991577148,6.2030534744262695,-1.2285553216934204,-4.766849517822266,-11.38259506225586,-5.878223896026611,4.812673568725586,0.2077847123146057
235,45,827.7539667602845,128.80855041552388,67.05083291198387,-165472.65806249416,12.228048324584961,6.120223045349121,0.8556567430496216,151.69793701171875,-15.852232933044434,-15.052007675170898,2.790034294128418,0.3584185242652893
236,45,820.2182051388343,180.05816708974157,-7.932126611527345,-165259.61142530543,13.394364356994629,3.977484941482544,1.080498456954956,33.8015022277832,7.6006317138671875,-7.779352188110352,4.773894309997559,0.20947258174419403
237,45,792.5563423900825,146.90900155563784,88.28682653111628,-165988.46134939825,12.863288879394531,3.9866251945495605,0.9346033334732056,93.5242919921875,11.948051452636719,-5.705227375030518,3.738159418106079,0.2675113379955292
238,45,828.9943471457163,134.0558981260191,47.964520939414776,-165702.9549133059,12.899903297424316,5.164961814880371,-0.7500782012939453,162.20375061035156,-16.737329483032227,6.965080261230469,3.8017241954803467,0.2630385458469391
239,45,815.9622003668021,198.33638433340565,-7.4630574431830965,-165125.33499075385,12.199615478515625,4.435539245605469,-1.0448343753814697,235.94448852539062,-3.4921491146087646,14.93877124786377,2.7537407875061035,0.36314237117767334
240,45,782.4635144234824,190.86334531286002,64.72360910334645,-165457.7989321293,12.278504371643066,0.7833898067474365,0.4661727547645569,-151.34823608398438,-24.774377822875977,-5.918705463409424,2.8556230068206787,0.350186288356781
241,46,556.792597615945,129.15466301367456,875.570122394274,-156287.8884788654,12.556879043579102,0.6925062537193298,0.6269147396087646,-255.60804748535156,-6.587210655212402,20.448291778564453,3.2462048530578613,0.30805203318595886
242,46,480.69062247282,129.42833104007198,1007.2757293571921,-155699.5990772305,11.281157493591309,0.7268894910812378,-0.46147915720939636,-402.01275634765625,-12.819075584411621,-14.207181930541992,1.8039792776107788,0.5543301105499268
243,46,540.2986714471884,146.70551870624072,914.0929077885011,-155387.3428385053,12.555301666259766,5.203639030456543,0.8991501331329346,147.6402587890625,0.5025579333305359,-23.421585083007812,3.2438461780548096,0.3082760274410248
244,46,526.5549225034722,150.88998491920665,927.2043941120211,-155303.44758448095,13.46203327178955,4.384708404541016,0.38432469964027405,181.75770568847656,8.754803657531738,-7.217301845550537,4.925004959106445,0.20304548740386963
245,46,531.9040675912748,153.49540649924094,911.5909281802304,-155448.39872282784,13.006567001342773,5.504175662994385,-0.416261225938797,291.203857421875,-2.832392454147339,14.014899253845215,3.993129253387451,0.250430166721344
246,46,546.7228137719687,139.12289242740985,913.5979279687851,-155303.67614243843,11.52208137512207,1.5530076026916504,-1.215935468673706,-94.92158508300781,-18.38164520263672,-37.789005279541016,2.0156548023223877,0.4961166977882385
247,46,534.2206252258478,152.04730120122258,931.8885238582152,-154868.83725304398,12.807132720947266,0.6633293628692627,-0.40650370717048645,-310.56585693359375,-5.805910587310791,-16.8162784576416,3.6427271366119385,0.27451959252357483
248,47,680.3611335763225,57.54713406172449,-190.33054992823324,-173740.90457358691,11.676568031311035,4.419650554656982,0.835959255695343,88.5958251953125,11.503803253173828,-16.8666934967041,2.164280652999878,0.462047278881073
249,47,715.4465998836721,70.5303953801483,-85.22731101408135,-174087.90697937997,12.151633262634277,1.9549669027328491,0.9323517084121704,-97.79336547851562,10.39663028717041,13.385797500610352,2.6935603618621826,0.3712558448314667
250,47,736.7421095849692,72.62815205765315,-42.24163220956872,-174002.2743757872,12.032426834106445,5.2009477615356445,0.9449854493141174,128.1224822998047,-20.26203155517578,-9.555818557739258,2.549677848815918,0.3922064006328583
251,47,710.4012480604152,76.48041267132554,-83.47486817216303,-174080.74779144215,11.976993560791016,4.18751335144043,1.0977067947387695,134.4953155517578,5.984654426574707,-17.054988861083984,2.4854133129119873,0.4023475646972656
252,47,707.0583748324451,99.80665986448975,-44.61033953318519,-174068.72726327373,12.899971008300781,1.6332861185073853,0.7972994446754456,-144.29296875,2.7325024604797363,10.161799430847168,3.8018431663513184,0.2630303204059601
253,47,708.3180436287067,80.20298346669436,-80.82672025482314,-174069.2282358836,13.38295841217041,4.849798679351807,0.4787125289440155,242.2118682861328,-4.52881383895874,-3.8857100009918213,4.748884677886963,0.21057575941085815
254,47,669.4668719133794,122.67131280175023,-82.2740860808699,-173956.26910786936,12.698803901672363,5.820634841918945,0.49719807505607605,5.0990447998046875,-20.478416442871094,7.093060493469238,3.4654593467712402,0.28856202960014343
255,47,701.9029926121057,86.85707326390683,-81.45355308288707,-174053.2806319702,12.991153717041016,4.84756326675415,0.5723795294761658,236.91845703125,-6.323995590209961,-5.388786792755127,3.9648871421813965,0.2522139847278595
256,48,520.9219304480199,391.1638667841093,-89.3799698407456,-171065.9648647181,13.416205406188965,5.459179401397705,-0.7454437613487244,201.5557861328125,-11.312474250793457,-1.076432704925537,4.822154521942139,0.20737618207931519
257,48,516.8730220145745,446.9348873689332,-92.87459970042622,-169951.95109573563,12.504321098327637,0.19181104004383087,-0.3940393924713135,-109.74819946289062,-11.834959030151367,-17.847824096679688,3.168576955795288,0.31559908390045166
258,48,519.5452169948908,422.7091130668779,-80.31229004316447,-170451.28163801826,12.836803436279297,5.979597091674805,-0.7823924422264099,93.62069702148438,-15.814247131347656,-9.359726905822754,3.692841053009033,0.27079421281814575
259,48,422.403591004117,471.08143032957287,-208.6804794015043,-169749.4043460218,13.426795959472656,5.924137592315674,-0.5167945027351379,65.62259674072266,-12.267148971557617,-9.579081535339355,4.845730304718018,0.20636723935604095
260,48,534.7328603860788,373.0917790133023,-126.54103622518777,-170709.234538596,13.22762680053711,1.453226089477539,0.35684019327163696,-170.30787658691406,0.40353554487228394,8.382912635803223,4.421050071716309,0.22619061172008514
261,48,513.9330518140575,409.97235550202566,-117.69933658088482,-170026.55727088975,12.868816375732422,5.946809768676758,0.7775753736495972,-126.52375030517578,-17.75187110900879,2.3026936054229736,3.747687339782715,0.2668312191963196
262,48,527.6160443254388,323.17905551942596,-183.92739759181129,-170826.52473604382,12.026749610900879,1.4330826997756958,-0.54156494140625,-225.2595672607422,6.8161301612854,-2.742367744445801,2.5430212020874023,0.393233060836792
263,48,517.042873836694,480.53561910000064,-84.24725194825977,-169520.91268869414,12.718764305114746,1.2897236347198486,0.4917055368423462,-243.7464599609375,3.746105194091797,0.33677753806114197,3.4974610805511475,0.28592169284820557
264,48,524.4539483473104,369.63412489226533,-137.33644669088238,-170631.88511302246,12.863588333129883,5.807507514953613,0.3894611895084381,-110.06689453125,-20.369653701782227,-4.463830947875977,3.7386746406555176,0.2674744725227356
265,49,611.1862515859202,583.1133795514864,281.2591906517337,-155104.05007716213,11.826125144958496,5.008329391479492,0.6433647871017456,132.159912109375,-26.430978775024414,-22.666521072387695,2.318596124649048,0.4312954545021057
266,49,676.5147720063607,593.4464519344403,217.33176883314445,-154183.35555398805,13.141575813293457,0.8439773321151733,0.6437824368476868,-98.71199798583984,-0.9333093762397766,16.086750030517578,4.249278545379639,0.23533406853675842
267,49,757.0857248205259,459.9287072422839,232.82024967986763,-154046.75075397856,13.237198829650879,5.81547212600708,-1.1011943817138672,177.78408813476562,-15.999663352966309,-3.998798131942749,4.440580368041992,0.22519579529762268
268,49,722.4933589095853,534.0644044636567,131.57745461510788,-155967.63252660874,13.143397331237793,5.811037063598633,-1.0293797254562378,171.73695373535156,-5.01291036605835,12.705838203430176,4.25284481048584,0.2351367175579071
269,49,732.9322817150925,513.3918344070452,209.00827651766298,-153879.1594284355,11.023101806640625,5.485294342041016,0.9637860059738159,28.239425659179688,-7.634793281555176,-46.39335632324219,1.6018444299697876,0.6242803335189819
270,49,737.042286989774,474.9747598700701,171.9027225201425,-155948.35777099006,13.317956924438477,5.695021152496338,0.505227267742157,289.6283264160156,0.41525766253471375,-4.478111743927002,4.608837604522705,0.21697445213794708
271,49,653.838722097745,588.079580629799,212.93569544878116,-155621.44477659804,12.5944242477417,3.7045702934265137,-0.7947185039520264,142.59861755371094,10.369303703308105,15.81107234954834,3.3028199672698975,0.30277156829833984
272,49,735.9238893904331,452.0382570518646,215.18060388952273,-155511.6644941307,12.934426307678223,1.11238694190979,-0.4976508617401123,-266.78173828125,6.9765448570251465,-3.2679052352905273,3.8626487255096436,0.25888970494270325
273,49,656.0518462161182,510.0090095753099,252.33739966719438,-156406.01707716117,11.785953521728516,2.348217248916626,1.1089712381362915,83.67183685302734,26.580001831054688,13.143501281738281,2.2760961055755615,0.4393487572669983
274,49,708.9808682698913,555.7986600991154,179.04731271659145,-155215.3081968533,13.052473068237305,2.425351619720459,0.6066829562187195,-262.04290771484375,8.684417724609375,1.6339046955108643,4.078444957733154,0.24519148468971252
