i,true_cluster_id,HRV_error,parallax_error,we_parallax,we_dist_kpc,we_pmb,we_pml,pml_error,we_HRV,true_ell_radian,we_DM,we_energy,we_Jphi,we_Jz,we_Jr,true_bee_radian,pmb_error
0,0,1.0,0.015089943921418323,0.42950714672836215,2.328249966542328,-8.814473990554196,36.035268500170176,0.0213554812076771,237.8586136955885,3.7712273597717285,11.835148026930064,-145648.49464022845,2289.6667188268852,13.741477718085369,1.2712971266614879,0.3534148335456848,0.0213554812076771
1,1,1.0,0.018,0.24282644104925497,4.118167674323241,10.179065541961085,-7.40753751096673,0.024083189157584593,87.27855281763262,6.120572090148926,13.073520126357682,-173502.31484283097,-274.5148669714941,163.03741178317202,533.4575928432105,-0.6685225963592529,0.024083189157584593
2,1,1.0,0.017439626031281342,0.2616192854686076,3.8223481812849487,6.636790422463799,0.40313996603375013,0.023842795945038183,-168.4907626274645,0.6162611842155457,12.911651224065235,-174466.82947458487,-405.83508799971554,67.4178890254923,531.9675102503909,0.42849254608154297,0.023842795945038183
3,2,1.0,0.021513833005884008,0.18650903056258783,5.3616706761253825,-7.694905102894071,-21.144989178301127,0.02907041598561079,-93.61153491324076,6.231673240661621,13.646500676419866,-130056.26421440928,1153.0596502991768,497.31739228646177,944.1194583007185,-0.7581403255462646,0.02907041598561079
4,2,1.0,0.016553161452212542,0.20983655366708454,4.765613914849872,-6.252260165696449,-16.62415220687955,0.02290428157917823,313.10038814487007,6.020190715789795,13.390594275824192,-151939.61847418934,1118.0640118058957,300.46205951893245,368.46366200617206,0.5262484550476074,0.02290428157917823
5,2,1.0,0.01704455718173041,0.20296332359974115,4.926998544683249,-11.515246441783006,6.60512316123246,0.02318400381963073,230.05088338098363,4.112140655517578,13.462912169973968,-154100.79961456728,1084.2821660134243,228.06664381596812,393.92578243212347,1.069352149963379,0.02318400381963073
6,3,1.0,0.018,0.2803839526882745,3.5665379220606854,2.987078750588445,11.524534642973997,0.024083189157584593,122.89672321357526,4.217437744140625,12.761234230601877,-156300.55143549544,-516.6608062665578,745.0380750936495,329.31076593103006,-1.2231742143630981,0.024083189157584593
7,3,1.0,0.015320743592448963,0.38669169131106806,2.5860395308974087,-19.45504806705788,-13.584821333860154,0.02159974994458993,-88.61531230809317,0.07731030881404877,12.063175796688217,-154743.78015545287,-581.1350323894907,681.8110677781383,364.47053672180016,0.7661304473876953,0.02159974994458993
8,3,1.0,0.018,0.4151347703238133,2.4088562835148215,-0.3381118200452519,-21.028965729195214,0.024083189157584593,181.14724997709914,0.4088593125343323,11.909054450098948,-155151.94512173557,-601.2349724086528,684.295005448607,339.2304952706363,-0.9038092494010925,0.024083189157584593
9,3,1.0,0.018,0.24458404902365852,4.088574066836511,-9.698707342745077,-10.343034398836123,0.024083189157584593,20.70852073715475,1.3981456756591797,13.057859348250368,-155494.9748683426,-596.4785631709351,714.6736662484035,317.4386461135105,-1.2327141761779785,0.024083189157584593
10,4,1.0,0.01787429591224413,0.26919435009743853,3.7147882176503204,4.159038006662064,-3.7422997515098495,0.024303036644954926,-190.26851546959878,5.825925350189209,12.849670297040735,-141851.3355114423,-1297.7049013050055,782.0490901976577,197.4129492427035,-1.3687734603881836,0.024303036644954926
11,4,1.0,0.028765516169340227,0.2119025904132043,4.719149483024379,-10.082155669416212,-6.879370373986001,0.03938041508175021,136.68273664100826,5.19899320602417,13.369318671016954,-138159.42895226952,-1277.260544427283,911.8119253310398,249.86876935518058,-0.39721325039863586,0.03938041508175021
12,4,1.0,0.018,0.35743221331992103,2.797733284058945,6.928580097640842,-9.490161902928516,0.024083189157584593,201.7219453249766,0.4968707859516144,12.234031547950918,-142225.2898287658,-1252.4935608329251,789.1924433810593,211.77384636616625,0.7810357809066772,0.024083189157584593
13,4,1.0,0.01592614005694586,0.22093266453398366,4.526265964832832,3.6640683344505627,0.4407713273096063,0.022240531803292798,175.70656329181324,6.015247821807861,13.278700348254393,-141131.37814626,-1225.9463543394713,792.7239027872788,262.2181208875693,0.8512411117553711,0.022240531803292798
14,4,1.0,0.021989939498453567,0.22212253100031953,4.502019653281195,0.4624074445999612,-6.317279842320044,0.02974776389689815,199.70192839729702,0.44822460412979126,13.267036932768246,-142867.89714539214,-1210.9541464137706,817.2333751148783,196.35220140282158,0.8908312320709229,0.02974776389689815
15,5,1.0,0.015034345057849587,0.32578333657163494,3.069524704742272,22.926028054846952,0.24559830524603177,0.021292600847059633,344.231470114264,4.827820777893066,12.435355665516049,-148559.4662978181,1904.632658705841,193.85571687330176,16.4970358076354,-0.5734524130821228,0.021292600847059633
16,5,1.0,0.019276391715434767,0.2536728951045041,3.942084547850633,13.1864829284365,6.825651957915992,0.025888097098698257,-360.162131570187,1.8191555738449097,12.978629672866822,-149493.49094685377,1861.0652478930742,151.29744212329172,56.431709444768984,0.47032853960990906,0.025888097098698257
17,5,1.0,0.016769133681586192,0.22828490256263648,4.380491170350704,-2.038277930994095,18.828064865782057,0.02292482108796686,141.93574495635607,3.4277780055999756,13.20761404637154,-144552.37954833428,1936.933786530485,242.81728874083962,77.40938562343739,-0.4095434546470642,0.02292482108796686
18,5,1.0,0.018,1.316087175661699,0.7598280862338944,90.1399532320278,91.99016523709268,0.024083189157584593,-170.3482670623829,2.376950979232788,9.40357671373603,-145007.87424649927,1978.6090441399444,227.04075294748645,45.99263166613245,0.7604215145111084,0.024083189157584593
19,5,1.0,0.020595711262573757,0.23410850083937537,4.2715236585369105,14.128375226465733,-3.530642049130025,0.02776438774950123,378.71320906974415,4.985369682312012,13.152914080585594,-150497.60090488632,1866.9158946120458,160.59698045663973,15.424303565951503,-0.525040328502655,0.02776438774950123
20,5,1.0,0.016796203662594242,0.2125148531082875,4.705553448965035,-18.353168948493746,-0.6948401141940216,0.023161580383556465,-296.12701087764117,1.4646871089935303,13.3630535540086,-140738.63690615643,2065.079651376254,294.98849198107956,72.54516850757328,-0.8165048360824585,0.023161580383556465
21,6,1.0,0.018,0.9150317625193443,1.0928582383268466,37.82879497816757,-49.19481539456641,0.024083189157584593,89.16191617628891,5.247733116149902,10.192819152359199,-176340.18543051032,502.5710097150313,23.96053043346574,492.6100941396399,-1.1548820734024048,0.024083189157584593
22,6,1.0,0.018,0.7781783671847474,1.285052427784323,20.09666300642744,25.263602568795463,0.024083189157584593,-224.1343819372723,1.9130525588989258,10.544604232239115,-177211.9104129135,427.8626717436057,19.13063243931504,526.1989922087382,0.3925878703594208,0.024083189157584593
23,6,1.0,0.015469306989076902,0.3548804845850834,2.8178500747066235,-8.871494608200338,6.9775781803278045,0.02170179846225668,-260.81040398209325,1.641290545463562,12.249589412532881,-175577.75619893783,534.5408689390151,19.369259577797628,491.81812085168036,-0.3706643581390381,0.02170179846225668
24,6,1.0,0.018,0.9531245320822387,1.0491808429433194,23.014288663706278,-56.45998222739426,0.024083189157584593,-94.15728943497957,0.8085842132568359,10.104251760907053,-176990.97419464862,367.02173584956995,18.712419097356943,570.4963962298094,0.9893242716789246,0.024083189157584593
25,6,1.0,0.018,0.8907636028711864,1.1226323087031322,1.4130229103227454,58.57245484088249,0.024083189157584593,19.9492291534088,3.0312650203704834,10.251187684027109,-175980.02141717152,534.0382445193993,17.28306477999809,488.0696620273014,-1.0211354494094849,0.024083189157584593
26,6,1.0,0.018,1.0366816969452683,0.9646162394365057,34.12465199294545,37.375802287356855,0.024083189157584593,-194.49624123466674,1.9226869344711304,9.921772845249953,-177370.00916922977,425.58930448377686,16.26333813899546,529.7404074640797,0.5807613134384155,0.024083189157584593
27,6,1.0,0.018,0.5420318878822742,1.8449099072510537,13.870428836857291,13.586966442464016,0.024083189157584593,-244.65645056264637,1.8062047958374023,11.32987581524219,-176791.51319002057,453.80907108202297,21.72442060789941,515.4052528703339,0.37100303173065186,0.024083189157584593
28,7,1.0,0.017803056723647615,0.28956951623266153,3.4534021847677026,4.058603543159115,-22.921328093973596,0.024227604512923415,211.67489800319584,5.651252746582031,12.691235797125271,-167303.99100805266,693.9408035146129,304.8344126936018,285.8264299441987,0.4808781147003174,0.024227604512923415
29,7,1.0,0.018,0.6196668421331076,1.6137703875806135,-15.589825945241937,-30.39159449194301,0.024083189157584593,-346.2184404057565,0.33082154393196106,11.039208709859075,-150939.27845602116,711.1137689122415,269.34701486256336,672.3497006166147,-0.5988726019859314,0.024083189157584593
30,7,1.0,0.016277143834967492,0.520299058672526,1.921971572563224,29.188408205956662,-34.62676778641771,0.022461870288186553,64.92811379096315,0.09850586205720901,11.418734799154233,-150090.19621760526,699.4453771450742,238.96371779726613,733.0796281346967,1.2934430837631226,0.022461870288186553
31,7,1.0,0.01682683844708721,0.22274965993843965,4.489344676334706,-7.06319616995629,-20.758752387050215,0.02319401293803317,-166.9115377440147,6.17072868347168,13.260914751538984,-156050.7051471463,615.8003028713711,201.46948129395994,662.0104828749979,-0.5413351058959961,0.02319401293803317
32,7,1.0,0.025069829066248474,0.26414998251381644,3.7857280567781024,15.036824053631413,7.5878763858859815,0.034130625475778865,68.39477433452436,4.75853967666626,12.890747068632196,-157732.34960778957,396.96209181325867,182.02275901433256,772.4523410735519,-0.959665060043335,0.034130625475778865
33,7,1.0,0.016902757058175052,0.2517286912640318,3.972530882270887,-14.192519680377178,12.53290100028907,0.023050563782747262,62.8743139504933,3.4953248500823975,12.995336410388528,-154910.5796441927,572.8181304019057,233.80240337062128,694.9137686859225,1.350221037864685,0.023050563782747262
34,7,1.0,0.018,0.21508942108041657,4.649229120506698,-1.964329894033642,-5.70335293644202,0.024083189157584593,-403.4331315941154,1.483498215675354,13.336904746746601,-151046.32440185104,719.3412925901775,301.06245943660764,644.6749424007367,-0.4246158301830292,0.024083189157584593
35,7,1.0,0.018,0.3526619973969904,2.835576295095679,17.053745737345057,-28.359416469518198,0.024083189157584593,5.1847660990596465,6.188931941986084,12.263206685359744,-152566.90134975407,698.4195233126221,252.62245292866146,660.0646518697126,0.8364393711090088,0.024083189157584593
36,8,1.0,0.018,0.2509263376161542,3.9852333138887763,-5.274344593443261,3.1524033931863484,0.024083189157584593,-138.67757484406332,1.1773593425750732,13.002268760364943,-171482.75942448762,-421.8236340826532,56.47337028605703,587.895490574233,-0.4599703252315521,0.024083189157584593
37,8,1.0,0.02311822053266596,0.21680002891165048,4.612545510349153,2.383937311032764,-12.82952837931752,0.03135315711719857,140.74630329817327,5.218670845031738,13.319703321088701,-170285.80435135364,-444.2146160984475,109.35357054192114,542.7246268469313,-0.5913536548614502,0.03135315711719857
38,8,1.0,0.018,0.2501556037161101,3.997511889179397,-8.74648437216334,-2.183491785603589,0.024083189157584593,-190.5094335519293,0.2798440158367157,13.00894882037445,-172416.2339529484,-439.61721013758915,73.70099729837752,539.6645778008718,-0.35990774631500244,0.024083189157584593
39,8,1.0,0.016373354687923686,0.2647143828910636,3.7776564653516553,-6.155534956299733,-5.695480023706324,0.022713934642478024,-195.1860553225874,1.5791181325912476,12.88611230632808,-169766.6721834865,-590.4920671136111,49.66430182247136,524.3111115534936,-0.45392802357673645,0.022713934642478024
40,8,1.0,0.01571104737898524,0.2476762512075015,4.0375288107950515,8.00708344982229,-1.2558607946378368,0.02201285803743787,122.06857383628113,5.697743892669678,13.030578171834703,-173138.36440685036,-382.4137122674286,109.22793537151387,526.8172474037377,-0.5828759074211121,0.02201285803743787
41,8,1.0,0.018229311840389065,0.3144718669317876,3.1799346941801665,6.703080479496933,3.9677855084475837,0.024678959553641938,138.4809633595597,4.7859601974487305,12.512091005191943,-172066.55458351035,-441.62719157768663,67.71483403854646,553.91280999301,-0.6794983148574829,0.024678959553641938
42,8,1.0,0.018,0.62798099006773,1.5924048909380941,-14.704826672641879,16.17006359653753,0.024083189157584593,-139.82316654747257,2.4896764755249023,11.010267514065966,-171922.1125987551,-445.2194145160212,47.47241190112553,574.654330227131,-0.8846776485443115,0.024083189157584593
43,8,1.0,0.016619688610075685,0.37408948606057946,2.673157191694133,-13.276058096668017,10.4989063491144,0.022974710064464703,-23.69339425519019,2.055539846420288,12.135122488279752,-171589.48974894272,-379.57301093149925,127.36307642635019,543.5087547880065,-1.015089750289917,0.022974710064464703
44,8,1.0,0.016927751334627445,0.29387303278219434,3.4028300947952435,-7.059921889851914,-1.5840434076440644,0.023074084265279914,-179.39465964625185,1.6512395143508911,12.659201325357092,-174255.02944840843,-489.75737791186424,42.17931170909503,514.1778595972523,-0.45713338255882263,0.023074084265279914
45,9,1.0,0.015389308458782825,0.4095489992209488,2.441710276187263,-21.442080256959866,16.796836068437635,0.021626535998810082,16.521553519938703,4.139021873474121,11.938470654887416,-167680.20426161715,454.6543521965134,296.24637755019916,440.82268944640083,1.0409773588180542,0.021626535998810082
46,9,1.0,0.018,0.3760416780686917,2.6592796977608675,-20.669177572498494,-17.409999584357948,0.024083189157584593,-182.71882546062344,0.33460602164268494,12.123820089827959,-169109.65520654156,432.9033327608365,249.4692228737846,457.92179798456243,-0.4227847754955292,0.024083189157584593
47,9,1.0,0.019188242431407175,0.3075480398843944,3.251524543534384,5.85025266147665,-20.16320713206414,0.025762755172018967,109.01418271659729,5.682548999786377,12.560435182741148,-168407.18325471503,507.8572775167718,210.6451154545122,454.57919835288277,-1.4624956846237183,0.025762755172018967
48,9,1.0,0.01591385717981428,0.21592175233493593,4.631307356420527,7.003233236381105,-16.2240367956188,0.0221200503924831,-114.79960775411831,6.1794939041137695,13.328518019381054,-170774.23776062904,323.30052063164146,220.5664101527266,505.94182014664415,0.6749646663665771,0.0221200503924831
49,9,1.0,0.018,0.2520947294070851,3.966762821071082,0.47050589897188577,-0.6312637270916976,0.024083189157584593,311.81887070734166,4.689547061920166,12.99218117053382,-170619.1922788417,363.75896522021065,239.10356825720444,482.20004974585856,-0.3590388894081116,0.024083189157584593
50,9,1.0,0.015251504007333338,0.21842514126979418,4.578227552865908,12.8817444894708,-8.116097659431171,0.021496892480246846,-61.45416754320299,0.5476722121238708,13.303486873647625,-170085.70692035838,407.94979150354743,270.3766120602083,432.3753544678069,0.9559560418128967,0.021496892480246846
51,9,1.0,0.018,0.23922134115788724,4.180229051303559,11.26838415973126,-14.981057892196372,0.024083189157584593,-85.4524804456375,0.05313337221741676,13.106000395707502,-175057.0169006807,308.5159018106532,217.56734822935147,445.62286841567385,0.5742195844650269,0.024083189157584593
52,9,1.0,0.01960368152685592,0.2850644818682511,3.507978242137413,-14.236909821395342,5.689382194293188,0.02635350378886263,-142.1967349036939,1.8759914636611938,12.725284455184717,-169927.36055320167,297.4987775364022,224.79091947102702,546.3074665540151,-0.736630916595459,0.02635350378886263
53,9,1.0,0.018,0.22087026506885674,4.527544709054649,9.837389693575938,-12.956948131013862,0.024083189157584593,-18.766728670179923,0.9014484882354736,13.279313738110883,-165158.7820311699,671.93604463773,318.3115288353447,331.5054149049839,1.4457679986953735,0.024083189157584593
54,9,1.0,0.018,0.4002172373690569,2.498643003419312,-17.790807637357386,-0.7885928061520832,0.024083189157584593,-235.15883946271018,1.694606900215149,11.98852105109963,-169128.371881811,325.11199143665067,309.69053649367663,483.58552489237843,-1.067813515663147,0.024083189157584593
55,10,1.0,0.028208102451124945,0.24690618310314072,4.050121335285749,8.321232098898376,5.738554845818363,0.0385904000073196,213.05778844417608,4.185301780700684,13.037340170956949,-167655.9675916914,296.0399050537693,66.20378993585342,721.5358715477929,-0.6965377330780029,0.0385904000073196
56,11,1.0,0.032962993810884786,0.2075526343917513,4.818054961964591,4.353998724604859,20.254612937391418,0.04532948571207537,94.60677323209325,3.324465274810791,13.4143587495256,-132026.36178853488,2765.9344135577117,133.79536356268468,40.24171449232047,-0.6211036443710327,0.04532948571207537
57,11,1.0,0.015205644644457318,0.27484526779451246,3.6384108339374723,1.765846686916782,25.26559582598409,0.021453749710489585,26.7290061962881,3.2248690128326416,12.804558680946647,-145495.15877835633,2069.097826317546,132.83943061574047,46.84693269832036,0.6784268021583557,0.021453749710489585
58,12,1.0,0.021228876864784085,0.25049836397888936,3.9920420401798493,5.162576008166576,3.3128514867185617,0.02866504148751637,-167.75367609553317,1.6774287223815918,13.005975530964932,-172545.62717078227,-301.2485868095742,50.40186160208485,646.3599677489381,0.5099390149116516,0.02866504148751637
59,12,1.0,0.018,0.4940404476923296,2.0241257667687234,10.44150961248286,17.721208813918327,0.024083189157584593,-62.70902624893861,2.2742841243743896,11.53118746701657,-172988.26748343848,-396.9059670290251,43.10221266095317,590.6944027942332,0.8207862377166748,0.024083189157584593
60,12,1.0,0.015009211653724503,0.26981464626442914,3.7062480256166674,6.067100872347643,-19.067762791461362,0.021268957228206077,-22.503741467122914,5.826560020446777,12.844672396760558,-166824.5247151523,-179.0399430678411,123.73336495486896,744.5504717014578,0.7257516384124756,0.021268957228206077
61,13,1.0,0.018690627531761116,0.3536750970971411,2.8274538077679185,5.326254212137732,8.33008393178965,0.02516747031297976,58.3133822575211,3.2505719661712646,12.256977592840926,-154173.53061781405,-1427.6460932050024,276.0565287904207,123.55836722376961,0.5192441344261169,0.02516747031297976
62,13,1.0,0.015305538531614545,0.2862202112929409,3.493813366577803,-8.410310281576763,4.347555694327525,0.021547726618255388,-1.366784835175198,2.4797868728637695,12.716498510060209,-154022.52218543508,-1416.5667293977572,309.831540554193,108.11695183001784,-0.7392261624336243,0.021547726618255388
63,13,1.0,0.015264550387644162,0.2960283266185179,3.3780551051408927,-10.431855566112572,-1.3343160190007195,0.021509166094721158,7.46073020786182,3.9463541507720947,12.643333649004163,-151429.26605871407,-1559.0413827754123,286.7962502233721,98.12989012637424,1.069521188735962,0.021509166094721158
64,13,1.0,0.018,0.20480438613061686,4.882707928736624,5.12614584030058,-0.7702252043516227,0.024083189157584593,23.702792924872153,4.041828155517578,13.443303733307058,-154059.04399261053,-1417.8747509985133,298.8935787169978,113.28876197332563,-1.4748790264129639,0.024083189157584593
65,14,1.0,0.017761288035484685,0.30616687252837305,3.26619268682417,-17.97797670613294,5.377852515683741,0.023858521388695982,-217.72196472474747,2.1114723682403564,12.570209010325382,-152402.5971361527,391.64319337118883,1090.8353129413192,266.32384716046226,-0.4478785991668701,0.023858521388695982
66,14,1.0,0.018,0.30248167569651935,3.30598538803158,-6.242654590753531,-8.924304742374463,0.024083189157584593,378.2735899683605,5.635519981384277,12.596504648610177,-148878.1357268752,500.3092348674704,1267.1790992218146,173.26210872447885,-0.4870699942111969,0.024083189157584593
67,14,1.0,0.01619198296352876,0.21940793425297314,4.557720318568877,5.490403880499786,-3.175981614744252,0.022381739714808925,332.2333594814413,5.673849582672119,13.293738357371264,-150679.8665469086,355.6425783268677,1232.2953802394275,242.72680535020532,-0.8083670735359192,0.022381739714808925
68,14,1.0,0.015919368744495666,0.20429123523355502,4.89497260544122,-10.63644461989112,7.428127041376108,0.022125236117070995,-182.6813696063177,2.2775914669036865,13.44875132815339,-147950.52826440145,534.5623015199951,1281.2480881839838,168.1895474682446,-0.38208937644958496,0.022125236117070995
69,14,1.0,0.017106077219838284,0.32041824676074127,3.120920890459486,-20.650428130713987,-14.804208145625093,0.023489646257567075,99.49108777747577,1.3923050165176392,12.471413801237032,-148975.50316668747,471.15969780696923,1211.5475207594263,227.7481312868481,-1.3928989171981812,0.023489646257567075
70,15,1.0,0.018,0.1952100410877249,5.122687308644194,6.859171033422094,-6.096468576907956,0.024083189157584593,-58.619289144978694,0.3501673936843872,13.54748923568179,-152948.31233140823,-923.3083351258898,380.27475278256736,410.9416839094816,-0.9410597681999207,0.024083189157584593
71,15,1.0,0.018,0.48712609941173396,2.052856542089668,-3.6115975432820715,2.901655330595926,0.024083189157584593,202.16973859125804,5.628662109375,11.561793005119586,-153569.75199217987,-1020.6812726570312,402.2787148100739,309.8371117128929,0.7701990604400635,0.024083189157584593
72,15,1.0,0.018,0.3541029455795396,2.824037507972035,5.6233854801071335,-19.585087567388648,0.024083189157584593,-118.48132831026358,5.539443492889404,12.254352302899372,-154851.23436885004,-1039.89898725425,339.7906520131885,311.7806500674316,-0.4483124911785126,0.024083189157584593
73,15,1.0,0.018712701215106108,0.2029601761866709,4.927074950310738,3.9532010897136525,2.540873069690251,0.02519084603147553,179.08560402268608,3.981614828109741,13.46294584390833,-156105.58620019563,-898.8154171464281,342.11479274625475,375.34826134164376,-1.0153720378875732,0.02519084603147553
74,15,1.0,0.015592288292972708,0.2010031824302107,4.975045608281376,-6.864323321891361,4.877467555432908,0.02181750120340731,-47.072397566219855,2.455824613571167,13.483985332277202,-155995.8885061045,-847.4499854299655,397.0000717458138,371.48990852873925,-0.7508527040481567,0.02181750120340731
75,15,1.0,0.018,0.21302209352705898,4.694348757177038,7.046865854534407,-2.536221650126781,0.024083189157584593,39.18907288056332,6.115874767303467,13.357876757470775,-155561.7226564555,-980.0812022844541,344.29676011777474,333.5117563271498,-1.1401646137237549,0.024083189157584593
76,16,1.0,0.026145978821878003,0.2437402947601396,4.102727458273085,2.6821357255286973,-2.790157250471714,0.03566243503881849,320.3089856981955,4.5262651443481445,13.065363340014427,-158848.20434677263,-47.25906812885694,520.3665118059835,726.2142433540821,-0.6025211215019226,0.03566243503881849
77,16,1.0,0.023070259457543103,0.1887796702593586,5.29718056306662,1.8388275931565812,3.9711755647987657,0.03128490936381196,-272.1604822280078,2.1371207237243652,13.620223884129526,-156580.56512820395,-4.280394469735967,358.07657575149443,898.1015793429814,0.5432915687561035,0.03128490936381196
78,16,1.0,0.022030611121882968,0.2695873680852738,3.709372613050949,1.3441627234098508,11.266997898586473,0.029805629212424863,137.2691688338193,4.240302085876465,12.846502305850244,-156147.59395988428,-111.06394193625147,455.7677695855851,781.841681691136,0.4082822799682617,0.029805629212424863
79,16,1.0,0.015253289306799367,0.19295910735177768,5.1824452015987585,-1.4659109902653993,10.603208669874897,0.021528357896342856,107.53430603668824,3.168513774871826,13.57267359312607,-155028.60978130688,164.97991004094004,576.934905194804,717.2311882453319,-0.8266377449035645,0.021528357896342856
80,16,1.0,0.015140336611354797,0.28777032451282125,3.4749934750671145,-19.577743010539585,-10.260914531477606,0.021408813691351822,19.701571031193335,6.07800817489624,12.704769967299718,-151873.52992903444,-123.73116883640675,736.2496622039258,701.6734450193748,0.5955527424812317,0.021408813691351822
81,16,1.0,0.015720860020466205,0.25147019663087317,3.9766143797464597,-7.416081771056124,10.60068316143993,0.022023244424612468,19.056620100745768,2.356647491455078,12.997567393114409,-159227.68644750168,-300.39513746689516,337.98616807896605,682.5313366724573,-0.8269281983375549,0.022023244424612468
82,16,1.0,0.01827296311911656,0.18943717564915924,5.278794917487666,-3.079061142552992,10.267115254216039,0.02472518278773141,85.11527666725185,2.9319558143615723,13.612673949393368,-153727.37995095237,81.4029858657456,736.5620096394179,711.6193526890881,-0.8599636554718018,0.02472518278773141
83,17,1.0,0.018,0.4529999690777533,2.2075056694504083,-0.12373016912408366,17.038374954951788,0.024083189157584593,-6.3721135319403714,3.374795913696289,11.719509138162788,-169119.30306161963,-687.3283500765111,44.34161691165909,482.1993710316968,-0.9682955145835876,0.024083189157584593
84,17,1.0,0.018,0.6613706456894617,1.5120114666678712,11.18626637202669,-35.09160949736106,0.024083189157584593,-9.754557218533138,0.4695703089237213,10.89777542372177,-168181.59203225485,-434.2135691526864,51.3408786866584,646.2786831380213,-0.9135913252830505,0.024083189157584593
85,17,1.0,0.018,0.25286405013497193,3.9546942298291405,0.22008525520176253,-13.673686877443888,0.024083189157584593,-101.95888772106655,0.9161098599433899,12.985564551138747,-173554.97847996323,-580.6502854311619,90.76947550433579,419.47563101122245,-0.5375108122825623,0.024083189157584593
86,17,1.0,0.016511082142670983,0.23850961322890832,4.19270312195029,-5.008785441734124,2.97648515546001,0.02268199610385281,-136.71967053162712,1.7011065483093262,13.112470559259169,-170169.7049004413,-533.9380326731826,79.2822295407715,520.371891499314,-0.6304289102554321,0.02268199610385281
87,17,1.0,0.018,0.28953588219093696,3.453803350496438,5.556641763843835,4.626532329553668,0.024083189157584593,131.22571972557859,4.4285478591918945,12.691488032362264,-169764.6645034256,-548.627178502642,41.971979515649224,558.7530171738166,-0.5196452140808105,0.024083189157584593
88,17,1.0,0.017253048628748466,0.3902952141494779,2.5621631107600855,-12.294681029315091,9.4120071886493,0.02338020846627309,-103.24711504645607,2.4680652618408203,12.043033870306747,-168979.57709755286,-488.26822588698843,56.511412857860954,594.2032607862404,-0.9802488088607788,0.02338020846627309
89,17,1.0,0.015775673802723822,0.35085135281456925,2.850209902221801,-6.356199266203716,9.311396198459128,0.021990037966129704,-83.78881351674347,2.047739267349243,12.274384222884468,-168979.73031162893,-680.8571792483071,41.72592642424467,491.8670772063764,-0.6628299355506897,0.021990037966129704
90,17,1.0,0.01690780138245982,0.32557011345016357,3.0715350048648564,5.368514916221235,9.226596944324507,0.023055310659862344,115.61301819762465,3.9352951049804688,12.436777345686373,-169009.92591163845,-517.2112010850814,54.08539738533065,578.5503283286657,-0.7328465580940247,0.023055310659862344
91,18,1.0,0.017923107939311046,0.25380416247592186,3.940045703918938,1.9992905290039564,-13.988409939443693,0.024010820103423935,52.89167628705116,5.142955303192139,12.97750629801705,-146689.10602697416,-1460.016354548643,143.06110945367865,423.3551232164027,0.7682772874832153,0.024010820103423935
92,18,1.0,0.018,0.35121468892239865,2.8472613234606237,-10.417276050636522,-8.634105546585216,0.024083189157584593,-15.717497218926514,0.25474050641059875,12.272136644004231,-152201.89304301288,-1289.544051221427,136.24143662889838,386.53461039198214,1.3235470056533813,0.024083189157584593
93,18,1.0,0.023536095110533624,0.31202483630685457,3.2048730858609282,-3.624707266050989,-3.2834189882824862,0.031947804590948356,188.39717099335923,0.20532870292663574,12.529054179880097,-149073.94565341395,-1401.5615624334168,127.91651557002683,402.7493630112878,0.4683484733104706,0.031947804590948356
94,18,1.0,0.018,0.6294746565850633,1.5886263085237748,-24.46252970257503,11.291502502513197,0.024083189157584593,15.675813902656106,0.9051727652549744,11.005108752139801,-151089.52876150265,-1317.524801173878,127.9018803794426,401.7254850384383,-0.9885430932044983,0.024083189157584593
95,18,1.0,0.018,1.9339675607052653,0.5170717546241196,-24.324160038737016,66.57052445118399,0.024083189157584593,-91.64195934954675,4.042743682861328,8.567754074028409,-150411.4264342482,-1365.267316239504,121.01427724473106,390.1806525018122,0.736994206905365,0.024083189157584593
96,18,1.0,0.03240558238592732,0.20614692879999452,4.8509090376515305,2.578073583559161,6.037132259654188,0.04453946478637889,-4.828481817518725,2.749936819076538,13.429115654910998,-151536.88167793793,-1323.7421564642266,133.25062148330235,381.6603437974378,0.34988635778427124,0.04453946478637889
97,18,1.0,0.017694573163386823,0.3313559301284403,3.0179028321973287,-1.9781797986418148,-13.428239951163166,0.02379573289264278,-91.47212707279566,1.2255839109420776,12.398526263149046,-147873.6130425345,-1484.6126793328551,139.18655237817725,374.26537208049217,0.9928534030914307,0.02379573289264278
98,18,1.0,0.018,0.6050437556956175,1.6527730277131811,-2.6349712081955796,17.59019526194148,0.024083189157584593,-113.83056312236302,3.617049217224121,11.091066084010254,-150038.46400061756,-1357.305311182502,131.44052829958022,400.90512542123247,-1.0621964931488037,0.024083189157584593
99,18,1.0,0.01620164515387044,0.3014495327865553,3.317304859477295,-4.602810844359828,3.7220606954438,0.022390831119505444,-125.23056554552471,0.19982066750526428,12.603926924532672,-149226.17673875802,-1442.4396596407992,144.20655842113024,356.74351979920397,-0.6048682928085327,0.022390831119505444
100,19,1.0,0.015170751742167223,0.2928179219675452,3.4150915124342567,14.465265953548512,-21.307484859130685,0.02142092402934784,-164.96500446003856,6.161258220672607,12.667011728686186,-152797.77875197484,227.948057074696,169.4049695582778,999.0267947508578,0.37049904465675354,0.02142092402934784
101,19,1.0,0.02609515949599603,0.23383407762630234,4.276536637222448,-5.080699915999729,3.423719195236143,0.0355900942014138,267.0368071820489,5.530099868774414,13.155460984977097,-154986.2792564225,192.53468064023866,113.79694630692588,1009.453886706454,0.3650765120983124,0.0355900942014138
102,19,1.0,0.018,0.47283757746513766,2.1148911331475766,12.900532582922198,-34.17995017073632,0.024083189157584593,179.14368874450477,0.13465476036071777,11.626440081982832,-151795.1667136515,355.16074214346366,93.76543706385117,1018.2929499655801,-0.7176787853240967,0.024083189157584593
103,19,1.0,0.015583049511359921,0.2451615902613505,4.078942378102403,8.121127930228033,-20.858470476237972,0.021808809122185132,33.037154098361434,5.9055399894714355,13.052737851114866,-148697.40335212112,307.3405453529051,178.71065770713335,1061.8038340246196,0.9127602577209473,0.021808809122185132
104,19,1.0,0.015887215866168092,0.39242313065334433,2.548269767725216,-27.09953835582801,-7.769843116564492,0.022199330169396826,71.73057186633643,5.687191963195801,12.031227009275847,-154964.89024713007,241.07047365564833,96.09664393544715,1002.6810141670982,1.1941206455230713,0.022199330169396826
105,19,1.0,0.01831770951079374,0.27700951515733435,3.6099842975864043,-9.385562462530169,-20.330704320269078,0.024772565953761854,191.0647287962899,0.11039941757917404,12.787526564256256,-156547.37388397485,254.26718130540178,88.98155890011056,959.4632500988668,0.4731707274913788,0.024772565953761854
106,19,1.0,0.016900250759219956,0.24956561931967672,4.006962187844743,-2.8846869897584813,-20.76326260061362,0.023271734061545642,120.80497413495215,5.5871992111206055,13.014076220913363,-158513.21511291398,142.42490718549766,145.1025844244723,924.2167234373995,-0.7401220202445984,0.023271734061545642
107,19,1.0,0.018,0.21198636122112968,4.717284613215604,-0.7469062907374934,-17.410869483406415,0.024083189157584593,228.2445402592592,5.390758037567139,13.368460399057756,-157213.3316688155,364.83226423482597,129.83796631334357,846.7395894788414,0.5360780954360962,0.024083189157584593
108,19,1.0,0.01789747379898717,0.24925489611453466,4.011957299889876,7.6530336687140075,-20.92587232737482,0.023986694003509338,-51.065312818862914,0.2772883176803589,13.016781510424742,-138315.4074821631,691.9705716375569,221.55330372523343,1135.0040364440645,-1.3936280012130737,0.023986694003509338
109,19,1.0,0.017448150408671027,0.2310583374396347,4.327911345165182,9.915848191496845,7.503589557532814,0.02385182149997368,-120.97361434851078,1.4391727447509766,13.181391779554602,-158537.32636131675,208.23561489005766,112.42155034867753,919.0546163413923,0.7939175963401794,0.02385182149997368
110,20,1.0,0.017924871818075654,0.30808727676214637,3.2458334875413675,-0.500615934362159,-8.961668590773417,0.024012480217412455,-151.47699862908937,5.611532211303711,12.556631182970435,-150703.44428721958,-1680.277715511087,93.1664170852076,199.2035698654759,-0.38639867305755615,0.024012480217412455
111,21,1.0,0.018,0.4613035065578414,2.1677702115507618,36.251967631995434,6.72753754643957,0.024083189157584593,-23.696936143615538,4.263916015625,11.680066220640295,-150911.47718257218,495.7972044861927,1418.0970898723438,11.72544971005678,-1.0557035207748413,0.024083189157584593
112,21,1.0,0.017651317667348492,0.2594259913785962,3.8546638857809703,17.415897475791976,1.8495301344453836,0.02406693719764785,191.52558374852913,4.609513282775879,12.929932574821265,-149119.7997507843,557.6499744155706,1431.1880392292928,11.507346307218521,-0.4229762852191925,0.02406693719764785
113,22,1.0,0.018,0.2732382591372745,3.6598095858076793,-5.281621845267159,17.313721354825688,0.024083189157584593,-149.7871104451634,2.425424814224243,12.817292451583759,-160228.03435695267,886.2786824658422,390.6838551362125,249.7465368462488,-1.0046764612197876,0.024083189157584593
114,22,1.0,0.018,0.21014797940862878,4.758551582623209,-11.303930963187456,-20.44075124510527,0.024083189157584593,19.290903813420602,6.138720512390137,13.387373907091234,-150803.04392186974,1051.620269418463,405.9725691324014,362.6763585319544,0.5971871614456177,0.024083189157584593
115,22,1.0,0.01681165544592209,0.23916132696819073,4.181278021312381,14.872090073493592,-10.715842967865798,0.02296483477011916,200.25190943740472,5.679255962371826,13.106545227978703,-157132.20607626025,1045.319439037733,400.88793351491506,207.53635919016764,-1.0954350233078003,0.02296483477011916
116,23,1.0,0.018,0.5152215699721495,1.9409125282818718,30.60064053795817,-3.6593824325652577,0.024083189157584593,-183.14875433871543,0.7895336747169495,11.440029816713807,-164807.29666838434,266.05372271396925,59.68405037860146,802.1511442049494,0.808685839176178,0.024083189157584593
117,23,1.0,0.018,0.37513455811550356,2.665710152174519,8.301415666245566,18.440983724266463,0.024083189157584593,-75.08703623367698,2.1809568405151367,12.129064629825624,-167041.6838530548,77.52093146864176,47.76674939588327,871.5389196069461,0.7534889578819275,0.024083189157584593
118,23,1.0,0.018018150836046572,0.354914476289678,2.8175801969368224,-24.322586326768434,-0.6353518004249785,0.024455360892856715,64.80201840321229,5.280054092407227,12.24938143120643,-162840.3604484032,390.28174205378707,108.12507029167396,724.4597367383814,1.1204988956451416,0.024455360892856715
119,23,1.0,0.017838295668916936,0.32835493481303124,3.0454849127497066,7.976867161505637,16.7158940356716,0.023930997609431716,-32.86038299128075,2.3119044303894043,12.41828226179797,-166267.5873214666,104.78172047492873,87.647429156055,831.2131030766196,0.918438732624054,0.023930997609431716
120,24,1.0,0.018,0.2966612033646846,3.370848593136405,-12.337699104504562,-7.214661832006889,0.024083189157584593,89.72308401485864,0.13398060202598572,12.638696229762814,-161585.3010970052,-725.976765069264,438.9599274436147,284.89597737010683,-0.9992930293083191,0.024083189157584593
121,24,1.0,0.020975255559788252,0.2510307530983093,3.983575668150816,1.670438460110368,8.119033507285101,0.028304261573419462,-87.32675689757487,2.387706995010376,13.00136535508951,-162519.70136360347,-810.6463970753665,323.19405604967415,298.2725662792476,1.177437424659729,0.028304261573419462
122,24,1.0,0.018,0.4211219546137641,2.3746090391253984,-19.9062458363999,1.8683445238131888,0.024083189157584593,-44.948137009197076,3.9167089462280273,11.87796058322087,-162701.42814253384,-752.8358716116053,351.112845247991,310.28003240419605,1.3835270404815674,0.024083189157584593
123,24,1.0,0.018962911038199984,0.24485595041922043,4.084033891305846,-3.9636131679998114,-7.755829537021461,0.025455819444731544,209.76743617652755,0.11367878317832947,13.055446687086656,-160832.41021851692,-686.7235403873251,368.8134306400888,377.21344166122816,0.6081967949867249,0.025455819444731544
124,24,1.0,0.015089783994364317,0.23748466476324054,4.210798204578583,-1.491075099474104,2.525001631781537,0.0213553119517778,-199.06155845400488,0.5805826783180237,13.121822145431974,-161589.71381896487,-656.4650695233613,385.4572659345278,367.79654763188864,0.4368441700935364,0.0213553119517778
125,25,1.0,0.01799532377269231,0.2282626282668192,4.380918626903248,17.562088487630007,-16.578489078393577,0.02443118969344957,35.978883590935254,0.28009968996047974,13.207825932388136,-131510.64446706363,1031.4224552007906,534.9902919994603,940.6523542309175,0.9543519616127014,0.02443118969344957
126,25,1.0,0.018,0.38939481664517916,2.5680875996642016,34.33395364264713,-16.05403651508998,0.024083189157584593,-212.9862904638051,0.5395736694335938,12.048049169028303,-126787.77020915525,1062.5168086976455,565.5754831528031,1099.4016085544176,0.5586533546447754,0.024083189157584593
127,25,1.0,0.018,0.5096232029366989,1.9622340471107071,-25.749271759846053,46.96758037262912,0.024083189157584593,91.61095904892774,2.9451849460601807,11.463754034859113,-113522.82722893954,1403.0237656487268,540.5106065671174,1581.999620964734,0.7206234335899353,0.024083189157584593
128,25,1.0,0.019547581484483743,0.20176662158044592,4.956221163673954,16.828817597386667,-17.343257267195803,0.026273726777156822,-107.28070223775853,0.29793214797973633,13.475753389266817,-121333.50432829594,1202.006038814999,519.4430342866916,1303.6222121196872,0.6030994057655334,0.026273726777156822
129,25,1.0,0.018,0.2644556698757297,3.7813520900115685,-20.807771445674447,-2.7999412912462924,0.024083189157584593,206.70238778803525,5.449852466583252,12.888235586799466,-143167.3145520615,909.8124390841974,377.6505426064613,703.1905584678354,0.5585898756980896,0.024083189157584593
130,25,1.0,0.018,0.3204903466903688,3.120218784518078,-28.66624607219209,-4.322065773747979,0.024083189157584593,-292.30209466111376,0.7705202698707581,12.47092523544099,-121681.68172195695,1238.901937713862,445.2565182027613,1315.6001135570991,-0.48106083273887634,0.024083189157584593
131,26,1.0,0.01701874622058557,0.22667364830303816,4.411628821816588,4.200758000884427,-20.77898834595266,0.023397186439129178,173.8483674439386,5.496375560760498,13.222994826843845,-162409.49739399328,582.0985707770925,131.26726114470455,597.3371114033147,-0.38835224509239197,0.023397186439129178
132,26,1.0,0.018,0.32794843917771205,3.049259824219227,23.751640285607333,-13.0159238793314,0.024083189157584593,-133.50262984411012,0.4844083786010742,12.420972158588201,-155439.10204510787,728.1355002671235,148.68572735328863,654.7829373422195,0.9007677435874939,0.024083189157584593
133,26,1.0,0.01775989744235047,0.3296576170026651,3.033450308511802,-8.298349742455223,20.679979034726554,0.02385721263029627,19.652702203718526,2.4212486743927,12.40968442541652,-158718.4555614968,427.6822579791514,156.58448423029353,751.3696744793938,-0.8501853346824646,0.02385721263029627
134,26,1.0,0.025973637901616598,0.24571835081808902,4.0697001126314865,-9.37617226589732,-15.304168864370721,0.03541711079877063,-218.09682017269068,1.0962324142456055,13.047812040932303,-159015.21397049376,611.0491236160668,141.44672849345335,647.9955937597676,-0.896054744720459,0.03541711079877063
135,26,1.0,0.029560673236324435,0.23608046064816898,4.235843988335406,-10.283754462026764,9.991654636894125,0.040507383137927934,47.497545137694985,4.376611709594727,13.134699780486038,-161239.95875061722,355.0468304983745,135.07803021539027,753.8731912886587,1.0947980880737305,0.040507383137927934
136,26,1.0,0.018,0.6136542969800302,1.6295820055710333,-22.273112115661892,-13.677257347755893,0.024083189157584593,-367.8992759115476,0.6766231656074524,11.060381101915766,-154810.27988980303,809.4929171732919,153.57388985258973,606.7184547258089,-0.6048895120620728,0.024083189157584593
137,26,1.0,0.016532818095370914,0.224189977926532,4.4605026917291735,4.88732658513199,13.08314861532043,0.022882745399522647,-169.3174575414396,2.7875404357910156,13.24691902892132,-155287.28976557567,731.9342220020873,146.31739963145856,658.2829473728407,0.9256707429885864,0.022882745399522647
138,27,1.0,0.018,0.3213345455313166,3.1120214552298804,-5.160946427731285,17.75583487955121,0.024083189157584593,-62.88727524819694,3.1738102436065674,12.465212912436304,-161969.86583407706,155.09754597332466,324.41866329217623,719.4168603272517,0.5309349298477173,0.024083189157584593
139,27,1.0,0.026868887268707908,0.2810892217668904,3.5575892725951204,-4.50409320499333,12.032779341410288,0.036691526017809326,-9.524633252995553,3.4021313190460205,12.755779034447801,-164867.34229800096,-389.78965811126733,134.56981668885618,660.0531382777492,0.8499085307121277,0.036691526017809326
140,27,1.0,0.017573438355644257,0.24136247861481944,4.14314605045078,-8.171013301799412,-4.2107731363974334,0.0239844769402124,225.57809023963432,4.702741622924805,13.086651214629136,-165613.13050414514,-88.28361284091717,320.76119532270457,674.055176066169,0.9908424019813538,0.0239844769402124
141,27,1.0,0.02282570294579338,0.22307817108662895,4.482733541919104,-7.172638760227101,7.6832382891507836,0.03093691718196231,-119.80592791536677,2.196533203125,13.25771462371395,-164010.91573921134,6.0689285445225,157.73172569787113,872.7031093840316,-0.5627402067184448,0.03093691718196231
142,27,1.0,0.015378938820543437,0.33224756985014187,3.0098038051897373,-3.1375383283831266,15.681413318727557,0.02161678034519931,41.624340346192405,3.298143148422241,12.392690934612885,-165161.3056325428,-245.9874689093392,118.46299006971836,750.5683304211245,-0.5100379586219788,0.02161678034519931
143,27,1.0,0.026655736641210723,0.20870938523740878,4.791351375322634,3.9356570700314664,-1.4979994525244216,0.036388089885454514,283.954539219724,4.534582138061523,13.40229010577065,-163837.93440787328,-56.24454096182177,215.882010673786,801.5871529977701,-0.623934268951416,0.036388089885454514
144,27,1.0,0.018013496018941977,0.190276951469878,5.255497275287733,-3.650785002978913,10.726422840821451,0.024450431977586624,41.21320997039492,2.736503839492798,13.603069076317853,-160498.6272281309,274.42095641659364,272.28015947302754,710.0157847137093,-1.1308943033218384,0.024450431977586624
145,27,1.0,0.020262692734822195,0.19689806302101795,5.078770124281287,-2.594698123455921,11.751656478513079,0.027290727984779193,3.723288504071013,2.9670729637145996,13.52879278100116,-160541.38614803564,229.04840516021972,274.5313793996031,731.6050663971301,1.2565346956253052,0.027290727984779193
146,28,1.0,0.018,0.24213631001523606,4.129905175878316,-9.808849696873372,0.7613120046024241,0.024083189157584593,282.8203707430341,4.456268310546875,13.079700401059768,-165761.2073182321,575.037637180909,78.29910496797142,581.842220006948,0.5297090411186218,0.024083189157584593
147,28,1.0,0.018,0.35098271019988686,2.849143194063587,-16.639591414288994,5.085338764550802,0.024083189157584593,237.80639729949385,5.07411527633667,12.273571384191204,-164320.2917428881,639.1182704440117,53.24806444455197,597.807279230028,0.578954815864563,0.024083189157584593
148,28,1.0,0.0189240946991739,0.21746080840088244,4.5985297642990925,-6.680077719081156,3.8632247553054397,0.0254147121874697,240.69233704480732,5.062917709350586,13.313095009153805,-164562.59563179355,638.0306001621635,52.016559194627845,594.9739276896821,0.3597525358200073,0.0254147121874697
149,28,1.0,0.018,0.20193649718135667,4.9520518279660575,-7.304785239007055,4.724141112631623,0.024083189157584593,234.31820239425983,4.916444778442383,13.473925906718103,-160976.560711968,843.9960975910801,88.21808265827345,506.1328873191639,0.5153684020042419,0.024083189157584593
150,28,1.0,0.015105531671851398,0.2341664471514193,4.270466636722592,8.814004118773216,8.73870675288931,0.02135956849682912,-169.07441385740438,2.174468517303467,13.152376666320666,-166471.12249331933,517.659332285767,107.11581178422405,573.2311476173643,0.910116970539093,0.02135956849682912
151,28,1.0,0.018,0.21013886477635982,4.7587579816054,9.02724299061036,7.253243324415177,0.024083189157584593,-152.1211336939704,1.8132022619247437,13.387468091207495,-164850.91139791562,603.7213314184794,122.4045035544289,539.5073956940505,0.8517992496490479,0.024083189157584593
152,28,1.0,0.01746282436570155,0.3538124633801483,2.826356060062151,-8.294259316302133,21.567907739930263,0.023577627819851465,101.42690935802534,3.7859017848968506,12.256134363605645,-163362.38020181636,798.4119395837065,64.95797957115711,502.71749987825615,0.42669200897216797,0.023577627819851465
153,28,1.0,0.021159251412124432,0.2752885209490879,3.6325524818557215,9.175435800355245,-7.383977333048858,0.028565996563373962,-292.82483337134795,1.443063735961914,12.80105948775558,-169467.52729784918,474.9886288228501,59.88036244818269,589.5525284350422,0.5610036253929138,0.028565996563373962
154,28,1.0,0.018,0.23808801615738734,4.200127398847967,-13.057933846714722,6.3199599186316435,0.024083189157584593,202.3628185244907,4.1657490730285645,13.116312318391344,-162047.12000826476,826.196081895208,139.87320961950059,445.4643023316057,0.8302498459815979,0.024083189157584593
155,29,1.0,0.02218122529076733,0.21405999633939593,4.671587485288387,2.0167937377621312,-1.263348057339775,0.030019918027125315,136.61632607464466,0.39821556210517883,13.347322431681194,-154146.45630175064,-1327.4461851095416,307.972954503389,164.29910249001315,0.5491088628768921,0.030019918027125315
156,29,1.0,0.017919480151432125,0.4548850491867157,2.1983575889950435,-3.3697709927389536,3.1025072847855792,0.024007405730899916,-183.7927106083032,0.4917525053024292,11.710491684968849,-152906.22237049122,-1329.7250375432789,321.1758986537588,185.37481916900683,0.6337206363677979,0.024007405730899916
157,29,1.0,0.017734884126635812,0.2192028983038314,4.561983476212646,-4.411950218342211,1.2374474132643323,0.024155420215409246,-36.37416629381493,6.250400543212891,13.295768539509522,-152720.26106426158,-1367.3758042265617,296.86135412630887,184.78713429061878,-0.7697170376777649,0.024155420215409246
158,29,1.0,0.01733321462927391,0.21641150734258408,4.6208263704618,1.0157115457359953,1.915251400175822,0.02345565174865744,14.46551135529814,0.2885580360889435,13.323598250116754,-153257.00355410477,-1415.6860929516283,271.0114227451916,158.06201165120768,-0.6761310696601868,0.02345565174865744
159,29,1.0,0.016399256106832426,0.30653806430638464,3.262237602572255,7.829378381946669,1.4997304442635715,0.0225767715920583,-64.763982532884,0.2949567139148712,12.567577946807706,-153908.62123108289,-1442.2187438656551,258.1320237722462,133.2467663521842,-0.4578932225704193,0.0225767715920583
160,29,1.0,0.016737732886797214,0.22849632421718777,4.3764380167861745,2.1258647577519443,-0.5302343812889807,0.0228952725929123,-129.4901229729503,5.889270782470703,13.205603909809437,-152562.15705995777,-1398.4934634672525,292.43085222465413,170.81441334347065,-0.6114007234573364,0.0228952725929123
161,29,1.0,0.018,0.19695908748806087,5.077196552612061,3.8507358827948184,2.3294515565004557,0.024083189157584593,-71.40746546791877,0.015253174118697643,13.52811988247753,-152424.6081831632,-1154.5495522335416,352.42916046806505,290.23971237384575,-0.5345080494880676,0.024083189157584593
162,29,1.0,0.018,0.21055166883460452,4.749428040798546,2.209510396927754,0.9750720238570555,0.024083189157584593,-64.16184013323638,6.064468860626221,13.383206560038632,-150299.66599719427,-1453.0507819376178,344.027817709209,155.88649372547613,0.7911050319671631,0.024083189157584593
163,29,1.0,0.015065208106716056,0.2466216191005715,4.054794561997435,3.8427796949689075,0.6404160439641291,0.021321634644430557,82.72468079923189,0.4042951464653015,13.039844276889943,-152427.7754264039,-1431.7204599853712,275.8763546363071,165.54762816979527,0.6845181584358215,0.021321634644430557
164,29,1.0,0.022520373362792796,0.23075176621161897,4.333661303735873,-2.3879103289022936,-1.3333620800902823,0.030502465608104053,104.57638789108212,0.4084433615207672,13.184274830642984,-152811.80375209008,-1498.1711165771478,220.63080921910387,154.8504676130515,0.6214777231216431,0.030502465608104053
165,30,1.0,0.01560652441532437,0.30257194564754025,3.3049990733935366,-6.2515989244283245,-18.393124175956885,0.02183089493876829,-255.23596346520313,1.3735624551773071,12.595856710303257,-129105.70651641986,-823.3010786979785,533.9021530377257,1152.4556012586293,0.4647667407989502,0.02183089493876829
166,31,1.0,0.016510856119789356,0.2564432714138742,3.899497906443794,-12.743725750851846,-12.687582739547619,0.022681783422046985,419.849599375316,5.280601978302002,12.955043457570227,-130810.79217242781,1862.7447414250953,534.9695506910741,412.63724190773945,0.8944556713104248,0.022681783422046985
167,31,1.0,0.018,0.22102137226726706,4.524449331491634,-17.197487504867006,-14.649523280052057,0.024083189157584593,-318.5267001906162,0.8441578149795532,13.277828644946437,-129972.89621205206,1813.9160964582095,476.41341033327336,527.2160088837813,-0.4772726893424988,0.024083189157584593
168,32,1.0,0.024649603351385364,0.20140163403295058,4.965203012386651,-3.417791328767825,14.856099338042037,0.03353251730924452,-66.68738577065062,2.675175666809082,13.479685051021864,-142927.23096598883,567.3202349116319,1157.0783104590382,388.25390006998487,1.200336217880249,0.03353251730924452
169,32,1.0,0.01667447414512607,0.24825413451805015,4.028130294552221,-9.71856582332641,-21.821530870809962,0.02303270898420778,170.94318426516688,0.30216968059539795,13.025517549340709,-147147.12141606564,368.2345886365213,1090.1896033430605,435.5327646486343,-0.4306406080722809,0.02303270898420778
170,32,1.0,0.020271994728272673,0.2508467297920254,3.9864980533295786,5.230503969894052,4.785783285694826,0.027303957965067523,-321.3788100737982,0.9932440519332886,13.002957781782616,-148431.49631586997,322.713638938181,1091.7269858434936,423.5939414039734,0.72059166431427,0.027303957965067523
171,33,1.0,0.015464135954504882,0.44262505932127905,2.2592484969861384,-22.741779497274898,-26.074631127646803,0.021751516450813652,-212.3199297440198,0.31004098057746887,11.769820010145132,-164874.35882970935,804.4754535579164,118.12693738866871,416.3562167569654,-0.46835845708847046,0.021751516450813652
172,33,1.0,0.018,0.6818876872273746,1.4665171680487483,-20.319522807086944,-53.86603692196767,0.024083189157584593,-67.94350740259094,0.7006493210792542,10.83143575746657,-165541.62842653558,702.9741459005809,155.52086537501881,429.7971941097782,-0.43776169419288635,0.024083189157584593
173,33,1.0,0.02245220696520309,0.2392102429516708,4.180422993851633,9.181764164047744,5.714601771917821,0.030405474835833408,-222.37950430857583,1.5207839012145996,13.106101139259554,-168073.33439111695,623.1392734597885,136.04833874645274,452.41263117681603,0.7510094046592712,0.030405474835833408
174,33,1.0,0.015515295570736326,0.2685255461195588,3.724040466357559,1.364467784795934,-23.346001764644676,0.02180566489238537,118.71356839739089,5.700369834899902,12.85507195743845,-159590.96753930688,783.4166138577755,172.50865675985736,500.154983024156,-1.0568480491638184,0.02180566489238537
175,34,1.0,0.018,0.31529191814690366,3.1716639166566614,-11.858363736786968,7.352934216722674,0.024083189157584593,-175.63365167863643,2.0536296367645264,12.506435806729673,-168184.51458111193,33.20095488279602,493.99654667941365,561.7314863742636,-1.2181487083435059,0.024083189157584593
176,34,1.0,0.018,0.7498634589098793,1.3335761172490777,41.48721602715362,1.3511992761944749,0.024083189157584593,121.39023535945762,4.261011600494385,10.625089045978067,-168499.85055557507,-88.18192338391547,417.0842532956986,567.2163866141581,-0.7752400636672974,0.024083189157584593
177,34,1.0,0.01756080944881344,0.2237587838514821,4.469098297672824,-7.940180629355056,-10.353903728493332,0.02366984335919136,-182.7721363135773,1.1512937545776367,13.251099535292624,-173328.74751253502,-76.20649864486961,272.9435854270929,574.9588155326794,-0.3987996578216553,0.02366984335919136
178,34,1.0,0.015219482304679182,0.22096651630005906,4.525572547118681,9.001956574409798,-15.560910758120627,0.021492577736346306,-85.52390496971648,0.4752177298069,13.278367656186257,-166817.04154098587,-62.49072662082824,471.7464450884521,570.5635563401603,-0.37426668405532837,0.021492577736346306
179,34,1.0,0.015430713771251141,0.26695076896827824,3.7460090632622602,-8.579139407535676,5.793929805801976,0.02166548989745975,170.69942779643043,4.359784126281738,12.867844118960143,-168339.8879885762,-32.10414009517184,468.8183382159188,571.3502128065169,1.0774531364440918,0.02166548989745975
180,35,1.0,0.01617676832662046,0.21701161551908918,4.608048272476162,3.3554166805963233,9.508162155505081,0.022505831607702816,25.648361769636168,2.975282669067383,13.31758509986247,-160863.68310813737,-376.15041280776853,363.15886626803643,583.9087814360108,1.0046733617782593,0.022505831607702816
181,35,1.0,0.025931127285610686,0.2069317866588922,4.832510346264042,6.800253348522331,-2.0671504140384576,0.035356598330802985,-221.68832195164305,0.22809822857379913,13.420863962567179,-161638.38029009878,-381.5714172942569,316.2113086918017,585.1759848102214,0.5986711978912354,0.035356598330802985
182,35,1.0,0.01781032385356523,0.22359815841186204,4.472308748438016,1.9371775860495244,1.3496454946509557,0.023904671669359303,-244.482865155236,0.41202178597450256,13.252658888428517,-160999.26195912506,-450.31059458434294,328.71216951348924,551.8621070508578,0.4539317190647125,0.023904671669359303
183,35,1.0,0.018,0.6018718011337454,1.6614833891807206,-17.22838539522685,-32.87652049290574,0.024083189157584593,-105.05462783679206,0.49512189626693726,11.102480018704963,-159579.42941123355,-358.76381907854284,386.86153635748127,596.7125912014171,0.8868299722671509,0.024083189157584593
184,35,1.0,0.022271351176865677,0.3007647978222628,3.3248571882104065,14.709728145838172,-7.367973569326676,0.030148148644590884,-95.19665468994641,0.07029696553945541,12.608864979467544,-166684.188737542,-576.3642059773116,284.3968922190882,388.3658134951104,0.41384750604629517,0.030148148644590884
185,35,1.0,0.018667262841283134,0.2714648975918205,3.6837175224902112,4.440110611958522,-14.36989431376517,0.025142727511114998,52.19757110368501,0.3904268145561218,12.831431599579401,-163020.42416240694,-446.9702600889415,318.918009037359,518.2898328218878,-1.179254174232483,0.025142727511114998
186,36,1.0,0.018,0.4694052437067764,2.130355409119951,-9.237243614331092,-43.235354561419925,0.024083189157584593,-179.31046129249998,0.4564531743526459,11.64226031612218,-165219.6514588466,1506.579686219979,34.729891780887556,28.48312363413355,-0.528456449508667,0.024083189157584593
187,36,1.0,0.018,0.6469311322714938,1.5457595872512995,47.936129131390786,12.305356124516154,0.024083189157584593,272.7453466559469,4.36652946472168,10.94570974400085,-157603.98028477433,1664.8527012973816,32.99092908034139,92.32577344080688,-0.9154613614082336,0.024083189157584593
188,36,1.0,0.018,0.3481384682256538,2.8724202903995875,7.216200829659038,20.761671278375374,0.024083189157584593,-318.6725702913361,2.153094530105591,12.291239929325677,-153601.72464306914,1868.7302672766807,43.81240090171923,39.05799198289095,0.42422398924827576,0.024083189157584593
189,36,1.0,0.01740564753852734,0.27913131334871927,3.58254324103974,7.936979991461324,7.895095750242228,0.02352381827119725,373.44086040515845,4.655972003936768,12.770957205021185,-156895.64499973992,1719.9034065206092,30.989802020163292,73.52447015181329,-0.3639684021472931,0.02352381827119725
190,36,1.0,0.018,1.0040102920924556,0.9960057261125304,16.38529969662679,-104.02268840563973,0.024083189157584593,19.824687069783234,5.986328125,9.991309176114108,-154717.7650651245,1767.1672986148585,46.85419711415117,77.56632631566536,-0.6435760855674744,0.024083189157584593
191,36,1.0,0.018,1.128960798405456,0.8857703486360198,-40.21817519516338,92.48626985134057,0.024083189157584593,-75.12188210550364,2.825833559036255,9.736605690427304,-160924.8022994105,1532.9815465694924,38.37891608326467,99.26183480491653,-0.874265730381012,0.024083189157584593
192,36,1.0,0.018,0.5164171573808338,1.936419008756028,8.960323198682694,-53.8061885312414,0.024083189157584593,104.62535783235298,5.924810409545898,11.43499668609434,-157362.85660240133,1710.0706270147807,38.08680275999095,60.75004351716432,-0.5412538647651672,0.024083189157584593
193,37,1.0,0.018,0.2474529322678607,4.041172560919701,-6.202739319183882,-12.718332190820693,0.024083189157584593,-140.24060902802992,0.7036592960357666,13.032536977596996,-151920.75713924682,-707.43369166148,352.9016182480078,597.3310373489612,0.9215066432952881,0.024083189157584593
194,37,1.0,0.0180155179698208,0.18483219656606178,5.410312805770206,1.1415286012227672,6.682600498523481,0.024452572990312026,111.84412506898326,3.696319580078125,13.666111876265424,-153121.8282235444,-620.2695137582544,498.45925839118024,516.1621799411174,0.480528324842453,0.024452572990312026
195,37,1.0,0.01635619964413437,0.19220754807391635,5.202709310955024,-4.937348868355011,-14.205602799458937,0.022536257432774053,-36.62816484268874,5.684047698974609,13.58114780699803,-148056.71410466253,-686.6719270807089,351.81203573493724,720.1701253852765,-0.7883500456809998,0.022536257432774053
196,37,1.0,0.016923989486216776,0.2553622775767746,3.916005173079451,-8.321982685503304,-7.887486582758312,0.023296866299262475,-195.59616131638802,6.183642864227295,12.964216284192753,-154464.85148569712,-750.3042249956654,369.69618573613093,489.605842200113,-0.7744383811950684,0.023296866299262475
197,37,1.0,0.019333907586767396,0.26633021261576806,3.7547373622334392,-13.420206946863214,-14.494398660397943,0.025969882032650406,21.227551780869167,0.4892670214176178,12.872897821052609,-152533.29077910807,-713.7794588304478,358.7232073339759,568.94537939024,0.35486873984336853,0.025969882032650406
198,37,1.0,0.017894453428825813,0.2831638699751208,3.531523990288244,12.975975731273195,2.9998253503736714,0.023983851325400932,-64.20537356349425,0.7540253400802612,12.73981080419519,-152586.7110381827,-783.0723492655442,314.7802825422654,555.3835034106249,0.4136428236961365,0.023983851325400932
199,37,1.0,0.018,0.2019552255299528,4.951592598685623,1.2275295509666828,7.059914255167431,0.024083189157584593,99.8376476462702,3.631675958633423,13.473724525555802,-154355.49720509798,-750.2899317308058,402.9084301558593,469.8031433214481,0.5138309001922607,0.024083189157584593
200,37,1.0,0.023589644645727447,0.256835552501138,3.8935419581195605,-9.23333181450756,-4.1747104696630535,0.032024009570165296,-92.95715297175867,6.048206329345703,12.951724295805,-157206.3666138692,-904.8273056924343,355.3577930618525,333.205879402931,1.0902142524719238,0.032024009570165296
201,38,1.0,0.02343770306347558,0.2082635404805813,4.8016085662062435,5.776300454831113,-14.958868809444652,0.03180778681119024,147.32525355110872,6.216196537017822,13.406933764375879,-162547.71052502943,485.8930749946968,711.1401819691049,224.66121868601206,0.955488920211792,0.03180778681119024
202,38,1.0,0.015401317528813572,0.2197433589752721,4.550763238822297,7.8911303174967,-7.841225368622923,0.021637834037332618,257.3282592977827,5.211097717285156,13.290421205934779,-161860.46712563033,416.2973900307468,756.9673034049086,259.109899423378,-1.1668293476104736,0.021637834037332618
203,38,1.0,0.018125436937257034,0.3491164312686307,2.8643739177963274,21.56295928421664,-15.654973779806594,0.024568965438769165,121.44295941646716,5.832579135894775,12.285148552529431,-163409.12001077153,415.86721896182064,674.8105652119755,276.33927359345523,-0.4391050934791565,0.024568965438769165
204,38,1.0,0.015808199538714724,0.24766448413640688,4.037720642452824,-7.309428973379291,-15.673101088275097,0.022020640130700438,-250.75131791573298,0.47426992654800415,13.030681340697686,-166227.89417344105,418.461639734074,808.0638640654735,122.2371609921555,0.5156173706054688,0.022020640130700438
205,38,1.0,0.016790832913354405,0.22158785007815235,4.512882812154672,12.394519894870998,1.5101068256575634,0.02294524039000491,-143.06423913459506,1.5386383533477783,13.272270280834322,-165586.8202035953,332.16835924361675,598.389851817926,355.43267045484174,0.6671521067619324,0.02294524039000491
206,38,1.0,0.025144529647362177,0.24140313601362406,4.142448256942126,-2.211889246595597,-5.54771019114999,0.0342369499225871,359.037057880759,5.8259124755859375,13.086285461902428,-158972.0011635117,380.08855892132556,660.6359620047155,408.26852964388615,-0.37495550513267517,0.0342369499225871
207,38,1.0,0.019947509157111368,0.23311350332738354,4.289755787315352,7.819958437234656,-21.171605635638727,0.026842466662385593,-7.666984425989621,5.73246431350708,13.16216284409348,-162536.0153041093,476.2727730508644,696.3046199946225,240.70432934283184,-0.5061346292495728,0.026842466662385593
208,38,1.0,0.015022340847238722,0.2425828405705019,4.122303117764712,-9.427878407957442,-15.31139025351377,0.021283935247702192,-100.0751456175695,5.363393306732178,13.075699613990054,-159400.0092522899,607.978636049648,790.6562608320219,162.40933224666702,1.5301815271377563,0.021283935247702192
209,38,1.0,0.019025632467458153,0.20023492026839493,4.994133883638278,-2.9556912241607027,-3.5549408188646114,0.0255315430099607,-330.76676508756077,1.29201340675354,13.492300904079382,-161412.22246581124,404.8838719337383,794.7878928480533,251.22892185722444,-0.7027819156646729,0.0255315430099607
210,39,1.0,0.018,0.23611086491823313,4.2352985337896545,9.00676108927612,18.836468198285885,0.024083189157584593,105.22846151514783,3.579568862915039,13.134420139458802,-142886.61581833137,1990.2822142446223,330.53067767863365,23.83671284102946,-0.5848345160484314,0.024083189157584593
211,39,1.0,0.026347599993767772,0.22387527246750052,4.466772899830497,10.82695070860745,13.49204879796265,0.03594944438634809,202.87143174131924,3.939607858657837,13.249969362921483,-147225.1705356327,1789.7550850230202,288.9585772503899,59.164201220654675,-0.5789079070091248,0.03594944438634809
212,39,1.0,0.026533479511140712,0.22401872347712976,4.463912589440725,-21.915317800730946,-10.367934909753018,0.03621405021114774,164.38163312380473,5.144585132598877,13.248578409155645,-134024.38065342105,2104.0948560141715,423.4975849091029,195.22186918458615,1.0646021366119385,0.03621405021114774
213,39,1.0,0.018,0.3869661357248462,2.5842054579965983,-27.492623140070563,-1.2764944602298316,0.024083189157584593,373.73958909594216,4.808187484741211,12.06163519701576,-142584.75871528417,1920.4039668561852,350.5760038041751,67.14371647438949,0.41177693009376526,0.024083189157584593
214,39,1.0,0.024357061835030877,0.22336633265885608,4.476950434277328,0.044430060809752564,21.455895746378562,0.03311615953024955,-57.92529787878048,2.9102206230163574,13.254911430998073,-141717.00807141763,2043.0617298387267,335.40610142640804,22.26496124358477,-1.1394487619400024,0.03311615953024955
215,39,1.0,0.016478312893427556,0.2084707487017145,4.796836036842879,-6.25844136899298,18.341474616913843,0.022651161151794094,-158.88417544402333,2.441251277923584,13.404774369365796,-137260.83687751953,2251.9875057217705,339.35509801980885,31.90422892883066,-0.9911361932754517,0.022651161151794094
216,39,1.0,0.018,0.2586523553398825,3.8661932874570137,-0.201574383783505,22.68107998364711,0.024083189157584593,-76.19524952153847,2.8628783226013184,12.936417812324049,-149639.9951819518,1675.7830117459007,300.4032201449385,57.29376086971533,-1.048689603805542,0.024083189157584593
217,39,1.0,0.018,0.22734691722222802,4.3985641512900555,-9.93114728744156,15.398631629321269,0.024083189157584593,-77.42438913809909,2.5401763916015625,13.21655465181718,-153326.3003372673,1420.8792890704558,267.926146894828,156.6652285201267,-0.8480903506278992,0.024083189157584593
218,39,1.0,0.018,0.24233745622768646,4.126477250221101,-2.2401883204389526,19.659093054976715,0.024083189157584593,258.4135422569112,3.7859723567962646,13.07789727566415,-136119.3110796844,2333.671813646343,351.4115334488116,8.146542261800976,0.5862483978271484,0.024083189157584593
219,39,1.0,0.018,0.23803876604973254,4.200996403212214,-8.267883436097113,-24.781002294759144,0.024083189157584593,81.10768608458035,5.953485488891602,13.116761548530524,-137577.19686843426,2047.6805844522703,375.0720422908473,134.8147278764061,1.365702509880066,0.024083189157584593
220,40,1.0,0.018,0.3737614168924812,2.6755035560229237,10.78036308679324,15.609322051711327,0.024083189157584593,112.28852607202724,4.220769882202148,12.137027662666313,-169728.86024212601,141.21928983380502,90.68933729898676,743.8167115779568,-0.9974064826965332,0.024083189157584593
221,41,1.0,0.027331442514235586,0.21170178975508464,4.723625629981156,0.18633954754112247,-12.52023330038359,0.037347924648943466,240.11667246528,5.959846496582031,13.371377351908807,-152060.7466414965,274.5725595996557,1262.2019249027126,240.8187496395507,-1.3019431829452515,0.037347924648943466
222,41,1.0,0.017299801713545844,0.3535877997922776,2.828151877942255,-16.18051746003182,-25.915627923049602,0.02342420713765411,-91.64686093079962,5.778877258300781,12.257513641573956,-157044.55542966945,152.52728638175168,1261.4514668992592,190.53714155719803,0.41317692399024963,0.02342420713765411
223,42,1.0,0.018,0.2557865786054882,3.9095092692191153,-2.3445469197908198,-9.226977250023964,0.024083189157584593,-278.23388974925615,0.017992574721574783,12.960611235770326,-155003.62289832532,-392.15818788583306,1262.8465096051418,78.94315611427415,0.7962407469749451,0.024083189157584593
224,42,1.0,0.01830384770109036,0.26667015690682144,3.7499509191402134,2.4198454362829067,-14.55891804064208,0.0247578872762816,179.42658411182003,0.29372379183769226,12.870127917723842,-152399.83504974702,-150.59175999275206,1620.8083503474,67.11262468801715,-1.4691734313964844,0.0247578872762816
225,42,1.0,0.016255316259935135,0.23412566452062208,4.271210514436869,-14.962484256561762,-4.209392699888747,0.022441331919464805,-143.3543647912992,1.552664875984192,13.152754884768427,-148422.41904328464,-326.9131018452217,1654.6267462089413,33.985955640518526,-0.399955689907074,0.022441331919464805
226,43,1.0,0.018,0.21819023515624864,4.58315652523995,10.804912921082508,-14.93345907864692,0.024083189157584593,-184.73531258322572,0.16810418665409088,13.305823448221721,-148106.8575277847,300.26599939668876,1018.4683176595446,499.1968783623814,-0.6450967788696289,0.024083189157584593
227,43,1.0,0.022765707927076363,0.2784666364559237,3.5910944762615475,-11.392912212204669,11.220666754932576,0.030851549061240494,-125.38610094682619,4.021274566650391,12.77613415453503,-156905.30151693735,-27.629040077797818,1077.8174714836405,416.6146946519884,1.29214346408844,0.030851549061240494
228,43,1.0,0.01733014338519415,0.22293473768146,4.485617676276403,6.7601485540838375,-14.447151199514405,0.023452761420529298,-197.34994075381124,0.08139730989933014,13.259111272494923,-150300.5688488866,327.36329040695483,998.4153651572199,434.27997294243033,-1.0619724988937378,0.023452761420529298
229,43,1.0,0.017103767324565908,0.29154111403613353,3.430047948146553,-7.949462296606511,-18.782435230139058,0.023487200688478524,272.2860345611821,5.468735218048096,12.67650095512627,-153783.3993861147,323.7756249224776,970.378956585105,357.05334923607614,-0.5291160941123962,0.023487200688478524
230,44,1.0,0.015592654150215162,0.186279364389008,5.368281147404474,-1.7396504921541716,-7.772165068322564,0.02181784541152697,279.59245081653256,5.189641952514648,13.649176263048513,-145102.01890424715,-483.27239874620636,1016.6505713260398,472.17383451724817,-0.8771191835403442,0.02181784541152697
231,44,1.0,0.02156749477581238,0.24977361502930256,4.003625442513948,-2.8804344955700274,-8.092513062497519,0.029146756783792253,-291.9203673213397,1.096683382987976,13.012267202355224,-149732.1594133625,-402.29437902264044,1202.7645397468075,258.2337051634269,0.8040786981582642,0.029146756783792253
232,44,1.0,0.023706087248009468,0.20748050635109935,4.819729899385323,-13.658940277521936,-4.694978816615202,0.03218971794905168,-61.638874064352784,4.286461353302002,13.415113503960509,-142567.83207932668,-340.40189114973737,1536.719537156765,291.6906109178292,1.3974748849868774,0.03218971794905168
233,44,1.0,0.01673246873371199,0.23824993183648602,4.197272974190452,-11.09102209483788,-0.06579249235944466,0.02309410578306704,171.36883797446544,1.3167691230773926,13.114836074708247,-150071.1181262278,-560.517353246014,1039.883746016689,257.28373401164635,-1.3539077043533325,0.02309410578306704
234,44,1.0,0.01647709202612401,0.22344794828574066,4.475315202810546,-11.995644180503438,-15.69539870867247,0.022823752258029892,-31.098920729650487,0.9795042872428894,13.254118143533933,-142296.1935341062,-439.5568190354347,1326.4003324843904,378.05574585665926,-0.4213795065879822,0.022823752258029892
235,45,1.0,0.018,0.29862512143183495,3.3486800949807667,0.8653280784053838,-14.2505476810596,0.024083189157584593,-56.93756667355188,1.14409339427948,12.624368303210494,-159064.4699338387,-1321.9091383145415,48.76364277151894,274.8889862184549,-0.4303925931453705,0.024083189157584593
236,45,1.0,0.018,0.4438529472094243,2.25299844528951,6.273562924373546,2.66979129923229,0.024083189157584593,123.57361786880969,5.880892753601074,11.763804460167268,-157290.98618787876,-1308.6001257293299,57.79372738828097,315.9748096376871,-0.609295666217804,0.024083189157584593
237,45,1.0,0.016473304831823556,0.26596939012122567,3.759831157804332,-0.1960973529297799,4.719777589755083,0.022646448719577987,125.95005556434447,3.7204060554504395,12.875841712829377,-156689.92596159474,-1341.6856093265394,90.28846753829923,276.34715811593884,-0.45305514335632324,0.022646448719577987
238,45,1.0,0.015804002647208073,0.2110524348593789,4.738159029846233,1.903050798502641,1.947147634277459,0.022111249216477356,-37.4296809751358,1.3851443529129028,13.378048165666968,-155757.342380493,-1335.5226828475072,58.337676640839085,336.2855527785539,0.39241617918014526,0.022111249216477356
239,45,1.0,0.02617199183755159,0.22216712922615764,4.501115909824978,2.2551815628951983,2.70498237037115,0.035699464462362565,-69.43196024775222,1.971964955329895,13.26660098376508,-157309.14024108267,-1390.0980627181518,68.4803815745776,250.08225896683666,0.5587248802185059,0.035699464462362565
240,45,1.0,0.018,0.2789922254684082,3.5843292705417538,-4.67260593694482,-8.972600943621392,0.024083189157584593,140.9941818258333,4.5937910079956055,12.772039494083876,-156762.44544965975,-1370.269728047237,61.5263038576923,284.5278291068245,0.5816636681556702,0.024083189157584593
241,46,1.0,0.015005316766156766,0.23033139672247438,4.341570512008387,7.478936193191125,9.06900045475535,0.02126591842076324,128.7137072489757,4.057952880859375,13.188234294244225,-160925.87883809357,277.8063467843547,288.61694532769803,693.5688078420463,-0.47070708870887756,0.02126591842076324
242,46,1.0,0.023175682787938343,0.1894427060032676,5.278640814931938,4.173700328155472,13.021185442117366,0.03143492549422212,7.214268290048384,2.9307503700256348,13.61261055721055,-151032.35639095935,1020.6682045040436,460.21076544432896,339.95005980733316,0.6850748062133789,0.03143492549422212
243,46,1.0,0.015176235963240343,0.21613331301674074,4.62677403146337,12.181446917663912,-9.563931757933386,0.021446807684359397,201.7601937702807,4.886578559875488,13.326391446834938,-158751.93635046744,481.1298778516448,392.39853534816,541.2909049067412,-0.8411485552787781,0.021446807684359397
244,46,1.0,0.017392425429161782,0.2063838577204342,4.845340188158472,6.733425399211995,12.90437232510419,0.023511374906559215,26.367123440064017,4.098955154418945,13.426621369940612,-156337.5722665429,470.0600035931553,464.7675800258792,554.0056872977369,-1.5033124685287476,0.023511374906559215
245,46,1.0,0.01942761748396913,0.29690079642108136,3.3681283851517323,17.9692131700305,11.45757881307184,0.026103135736635603,54.92151506851331,1.7438956499099731,12.636943187149164,-159069.392959814,487.0264276953326,293.5775705617218,601.6369656206747,1.3462594747543335,0.026103135736635603
246,46,1.0,0.017851109729204992,0.2141022049704697,4.670666517133377,-9.738982360123721,11.169140328571919,0.024278485699033785,21.043551123804544,3.4113357067108154,13.346894300109389,-158516.1901648986,407.550206067683,397.0323462691497,589.3902508101934,1.3437108993530273,0.024278485699033785
247,46,1.0,0.018,0.1931256547771706,5.177975971932912,0.284890878983151,11.891797715526423,0.024083189157584593,-145.55899197003615,2.7562756538391113,13.570800153938492,-154318.3174832919,736.3577714271967,437.8169153961781,455.925215996588,0.784020185470581,0.024083189157584593
248,47,1.0,0.02992777663048301,0.23827518967307657,4.1968280515148955,-0.9785145851437642,-21.84879030204247,0.0410276759869377,227.7654011861562,5.761815071105957,13.114605880358123,-161873.0045140781,1038.471463020359,228.43912415814825,235.84997411964278,-0.5855810642242432,0.0410276759869377
249,47,1.0,0.016870615038075437,0.19596867175841706,5.102856446528163,-0.06968909273722093,-22.959808634449256,0.023020317158430458,-204.59518713736153,0.04738856852054596,13.539066754695053,-151412.75267004085,1110.8426471331798,221.69765843351473,448.25703373659644,0.3554307818412781,0.023020317158430458
250,47,1.0,0.01602469579147178,0.25179327033484,3.9715120212314607,-22.37912497238083,1.0510332331729801,0.02234485538696598,-144.16881324971038,1.8357089757919312,12.994779407191228,-148737.1802119011,1460.877114011904,205.24535288638867,309.5147530179993,-1.3722196817398071,0.02234485538696598
251,47,1.0,0.018,0.5515166962951412,1.8131817345106362,-2.4201758225817964,-51.44842292349809,0.024083189157584593,157.81209758341237,5.755373001098633,11.292206677233288,-156459.15918382604,1215.3141730328991,154.14850196518154,307.10260179480355,-0.7841148376464844,0.024083189157584593
252,47,1.0,0.020920206611093107,0.2594594839863849,3.854166302329017,-2.9486807500493777,19.27580569977665,0.028225955979514435,-63.85465141623032,3.129627227783203,12.929652249865992,-158554.39704931705,1032.353376854467,128.2259447754288,402.1070320628088,-1.1431381702423096,0.028225955979514435
253,47,1.0,0.017830929523661155,0.20717143230911553,4.8269203376840295,1.5666727144200097,-25.830015111877813,0.024257117734361604,-6.183609535068065,6.019898414611816,13.41835065693816,-140052.24701678782,1115.4217957509122,238.39129006321826,780.0835838535445,0.4986143708229065,0.024257117734361604
254,47,1.0,0.020481586845277917,0.23373567724509628,4.278337016352859,-2.4330117404248415,-26.935256251439892,0.02760206228354556,185.98838348172134,6.267213821411133,13.156374960758479,-141420.03669365396,1326.4762231156599,232.76135453438738,600.0796867552324,0.4652389585971832,0.02760206228354556
255,47,1.0,0.01789494525990844,0.28252983427771317,3.5394492144749865,2.9959032143768054,18.799333321322734,0.023984314221382204,56.609268532583854,3.1646242141723633,12.744678426336765,-159256.41902841168,773.2959165196494,240.30223267033506,458.16350891406177,0.5045893788337708,0.023984314221382204
256,48,1.0,0.018,0.2708179491778802,3.6925174385069073,1.984849854049684,1.8608611645782138,0.024083189157584593,197.92346464298404,5.2378997802734375,12.836612775071512,-166744.45486629818,-390.7449637168877,450.91550232682846,386.12320004129776,0.3940620720386505,0.024083189157584593
257,48,1.0,0.01798632946466313,0.23729448178330276,4.21417300766901,-3.888374381547442,-0.042905616647846936,0.024421665791675543,189.08490519421088,4.664271831512451,13.123561805308725,-166750.902210274,-536.208918132278,442.7793943132702,302.5634677782495,0.8566104769706726,0.024421665791675543
258,48,1.0,0.01753401127400174,0.41046933964210086,2.4362355562827824,0.6346259773099946,15.677888056463956,0.023942731091271572,136.09811602257184,3.622087240219116,11.933596386651415,-166312.61579672524,-462.032463673984,452.90789642454826,353.6913592302446,-1.0293134450912476,0.023942731091271572
259,48,1.0,0.018023589093994246,0.2740531377027807,3.648927388251732,13.038191478450653,-3.4320177539887298,0.02446111938598124,63.711890868469055,5.7346296310424805,12.810826106086937,-168386.73757824636,-447.85547519011567,394.22785462373923,356.51272012630227,-0.41163310408592224,0.02446111938598124
260,48,1.0,0.01677747359736217,0.18037291649425752,5.544069583372495,-6.7490540282121945,-3.762660018235613,0.022932669065391646,149.32724808622467,6.012459754943848,13.719143362244097,-165427.6252283319,-198.50058133636188,600.3578645146529,421.6814846562488,0.820479154586792,0.022932669065391646
261,48,1.0,0.018,0.3765520499867161,2.655675357590744,-6.977140781229441,6.940267994511428,0.024083189157584593,-186.29240417382223,2.124643564224243,12.12087491856979,-166606.8305889413,-493.5034311611806,403.17881130968493,361.5228572293276,-0.9782525300979614,0.024083189157584593
262,48,1.0,0.015199595906783912,0.21243096120684538,4.707411736589064,8.509780979557712,-7.410624057020295,0.021471530782574202,-1.3578682264360846,1.269415259361267,13.363910928975447,-165514.7637659808,-301.41984000129344,570.4137301444233,387.8136163891635,1.320172667503357,0.021471530782574202
263,48,1.0,0.026328361247783247,0.26445781305482585,3.781321445748649,-7.284706860164017,-12.155374176698269,0.035922057639782706,-10.83379449718324,1.0528991222381592,12.888217989009178,-168427.13990343682,-495.83476047728317,349.24160443829294,358.65144256126183,-1.048743486404419,0.035922057639782706
264,48,1.0,0.01936685807060114,0.20193047727992666,4.952199457309989,-1.9949385854988386,-8.365103568260857,0.026016736643608606,231.44222425909993,5.082534313201904,13.473990641151424,-163758.65483370592,-513.6331869656232,454.4840861983746,366.8347298646782,-0.5315857529640198,0.026016736643608606
265,49,1.0,0.017570683758705043,0.2172450948612178,4.603095874909525,11.037195106730909,-6.838502690191111,0.02367913632300707,-253.84321978300875,0.9170893430709839,13.315250103136535,-155824.26721721853,647.4596953547505,1029.6479166880858,51.3756994843983,1.3089290857315063,0.02367913632300707
266,49,1.0,0.018,0.35842687738415924,2.78996934409081,16.9818496382508,10.546085597985106,0.024083189157584593,-278.89865766033904,1.606318712234497,12.227997156573466,-155447.29198461544,742.4183991917322,927.0907366444756,69.09218147168336,1.161242961883545,0.024083189157584593
267,49,1.0,0.023189432331640433,0.26107505225954547,3.8303161920115554,-13.518620682336733,-17.975691022389114,0.031454491094971455,-150.4792766135711,5.698857307434082,12.916173131955116,-149440.80427721774,941.555707838391,961.7544008100871,71.89559001797436,1.2775241136550903,0.031454491094971455
268,49,1.0,0.01694656276652732,0.6495883092484672,1.5394365719988665,-46.7029294112413,-32.66967224298973,0.02309178653591426,-15.721266382155783,5.574774265289307,10.936808998841855,-154723.90543668336,714.4389652474292,996.8648189696892,55.31895750214163,0.844758152961731,0.02309178653591426
269,49,1.0,0.02377975922893475,0.2622640628742238,3.812950920689345,7.580275190043365,-12.764853808125132,0.03229456117123128,-222.44197892926297,0.4835982620716095,12.906306075921234,-159978.08393165507,317.33420791233556,1189.4378168981762,64.08903959162811,1.3656139373779297,0.03229456117123128
270,49,1.0,0.02528338484605942,0.2698090979886023,3.706324239823238,-5.347263003805175,-21.587320659474933,0.03443459061026865,148.80607728186953,0.3129189610481262,12.844717049828576,-158019.72038636438,634.8324207773079,967.048054773509,47.95063019107237,-1.0051745176315308,0.03443459061026865
271,49,1.0,0.015240962379194308,0.29791307925714616,3.356683776669106,-21.024807126000557,-15.74715611759995,0.021486975278204257,-83.97554865754114,5.465439796447754,12.629552147830214,-151609.98105525947,814.8167693777598,1007.9430555886594,63.39563219833708,1.0973436832427979,0.021486975278204257
272,49,1.0,0.025011375533749144,0.2721818759283696,3.6740139165738244,1.8814793091498905,-9.327575844744008,0.03404742674096416,368.7830080148567,5.658707618713379,12.825703985052774,-154509.58938634786,614.480394805802,1068.4136188912512,77.78579037564742,-0.7141364812850952,0.03404742674096416
273,49,1.0,0.018,0.2682805111184138,3.727441832547499,3.120626752667711,-12.19669287322856,0.024083189157584593,353.77532907155484,5.724580764770508,12.857054374641589,-155561.1359449004,727.7202246116527,967.7903751726676,45.00434752454618,-0.7831067442893982,0.024083189157584593
274,49,1.0,0.018,0.2141281277470709,4.670101076964556,-6.445091051240877,-19.68784400694722,0.024083189157584593,-129.12108171066328,5.914255619049072,13.346631401431106,-153047.38983387745,622.1189722151153,1039.2517631556136,131.5004008310151,0.7493496537208557,0.024083189157584593
